Municipal,County,Five.Year.Range,Median.Rent.2015.Dollar,Rent.Margin.of.Error.2015.Dollar
Abington, Plymouth ,2005-2009,1155,114
Abington, Plymouth ,2006-2010,1201,95
Abington, Plymouth ,2007-2011,1172,105
Abington, Plymouth ,2008-2012,1125,97
Abington, Plymouth ,2009-2013,1108,107
Abington, Plymouth ,2010-2014,1106,90
Abington, Plymouth ,2011-2015,1054,92
Acton, Middlesex ,2005-2009,1173,46
Acton, Middlesex ,2006-2010,1163,47
Acton, Middlesex ,2007-2011,1140,71
Acton, Middlesex ,2008-2012,1176,69
Acton, Middlesex ,2009-2013,1241,67
Acton, Middlesex ,2010-2014,1235,60
Acton, Middlesex ,2011-2015,1211,92
Acushnet, Bristol ,2005-2009,809,341
Acushnet, Bristol ,2006-2010,751,41
Acushnet, Bristol ,2007-2011,725,31
Acushnet, Bristol ,2008-2012,708,74
Acushnet, Bristol ,2009-2013,717,85
Acushnet, Bristol ,2010-2014,740,65
Acushnet, Bristol ,2011-2015,700,86
Adams, Berkshire ,2005-2009,527,44
Adams, Berkshire ,2006-2010,563,42
Adams, Berkshire ,2007-2011,567,46
Adams, Berkshire ,2008-2012,578,30
Adams, Berkshire ,2009-2013,585,29
Adams, Berkshire ,2010-2014,604,42
Adams, Berkshire ,2011-2015,568,26
Agawam, Hampden ,2005-2009,862,38
Agawam, Hampden ,2006-2010,864,48
Agawam, Hampden ,2007-2011,848,32
Agawam, Hampden ,2008-2012,835,39
Agawam, Hampden ,2009-2013,855,66
Agawam, Hampden ,2010-2014,845,50
Agawam, Hampden ,2011-2015,831,48
Alford, Berkshire ,2005-2009,940,152
Alford, Berkshire ,2006-2010,NA,NA
Alford, Berkshire ,2007-2011,NA,NA
Alford, Berkshire ,2008-2012,1192,291
Alford, Berkshire ,2009-2013,1144,191
Alford, Berkshire ,2010-2014,1110,184
Alford, Berkshire ,2011-2015,1076,208
Amesbury, Essex ,2005-2009,954,44
Amesbury, Essex ,2006-2010,970,52
Amesbury, Essex ,2007-2011,1016,53
Amesbury, Essex ,2008-2012,949,33
Amesbury, Essex ,2009-2013,988,45
Amesbury, Essex ,2010-2014,976,32
Amesbury, Essex ,2011-2015,950,35
Amherst, Hampshire ,2005-2009,1158,74
Amherst, Hampshire ,2006-2010,1123,54
Amherst, Hampshire ,2007-2011,1110,45
Amherst, Hampshire ,2008-2012,1096,50
Amherst, Hampshire ,2009-2013,1148,64
Amherst, Hampshire ,2010-2014,1116,61
Amherst, Hampshire ,2011-2015,1095,63
Andover, Essex ,2005-2009,1082,109
Andover, Essex ,2006-2010,1102,103
Andover, Essex ,2007-2011,1162,127
Andover, Essex ,2008-2012,1132,89
Andover, Essex ,2009-2013,1213,73
Andover, Essex ,2010-2014,1216,76
Andover, Essex ,2011-2015,1205,98
Aquinnah, Dukes ,2005-2009,805,551
Aquinnah, Dukes ,2006-2010,1033,118
Aquinnah, Dukes ,2007-2011,986,240
Aquinnah, Dukes ,2008-2012,984,119
Aquinnah, Dukes ,2009-2013,1049,737
Aquinnah, Dukes ,2010-2014,734,968
Aquinnah, Dukes ,2011-2015,983,271
Arlington, Middlesex ,2005-2009,1360,47
Arlington, Middlesex ,2006-2010,1367,42
Arlington, Middlesex ,2007-2011,1385,41
Arlington, Middlesex ,2008-2012,1368,40
Arlington, Middlesex ,2009-2013,1422,41
Arlington, Middlesex ,2010-2014,1435,33
Arlington, Middlesex ,2011-2015,1407,32
Ashburnham, Worcester ,2005-2009,1015,411
Ashburnham, Worcester ,2006-2010,1035,421
Ashburnham, Worcester ,2007-2011,1127,328
Ashburnham, Worcester ,2008-2012,1206,308
Ashburnham, Worcester ,2009-2013,1111,553
Ashburnham, Worcester ,2010-2014,1023,149
Ashburnham, Worcester ,2011-2015,974,194
Ashby, Middlesex ,2005-2009,877,204
Ashby, Middlesex ,2006-2010,848,87
Ashby, Middlesex ,2007-2011,879,117
Ashby, Middlesex ,2008-2012,1117,303
Ashby, Middlesex ,2009-2013,1277,239
Ashby, Middlesex ,2010-2014,1217,55
Ashby, Middlesex ,2011-2015,1174,65
Ashfield, Franklin ,2005-2009,835,153
Ashfield, Franklin ,2006-2010,990,362
Ashfield, Franklin ,2007-2011,825,86
Ashfield, Franklin ,2008-2012,712,157
Ashfield, Franklin ,2009-2013,812,217
Ashfield, Franklin ,2010-2014,842,293
Ashfield, Franklin ,2011-2015,709,142
Ashland, Middlesex ,2005-2009,1209,138
Ashland, Middlesex ,2006-2010,1156,91
Ashland, Middlesex ,2007-2011,1126,153
Ashland, Middlesex ,2008-2012,1168,167
Ashland, Middlesex ,2009-2013,1117,127
Ashland, Middlesex ,2010-2014,1108,145
Ashland, Middlesex ,2011-2015,1131,133
Athol, Worcester ,2005-2009,800,78
Athol, Worcester ,2006-2010,749,87
Athol, Worcester ,2007-2011,768,109
Athol, Worcester ,2008-2012,631,56
Athol, Worcester ,2009-2013,613,56
Athol, Worcester ,2010-2014,623,62
Athol, Worcester ,2011-2015,611,51
Attleboro, Bristol ,2005-2009,956,64
Attleboro, Bristol ,2006-2010,925,56
Attleboro, Bristol ,2007-2011,913,39
Attleboro, Bristol ,2008-2012,893,40
Attleboro, Bristol ,2009-2013,909,36
Attleboro, Bristol ,2010-2014,903,35
Attleboro, Bristol ,2011-2015,899,41
Auburn, Worcester ,2005-2009,887,50
Auburn, Worcester ,2006-2010,869,71
Auburn, Worcester ,2007-2011,858,83
Auburn, Worcester ,2008-2012,840,106
Auburn, Worcester ,2009-2013,910,39
Auburn, Worcester ,2010-2014,911,27
Auburn, Worcester ,2011-2015,869,31
Avon, Norfolk ,2005-2009,1346,178
Avon, Norfolk ,2006-2010,1420,209
Avon, Norfolk ,2007-2011,1380,342
Avon, Norfolk ,2008-2012,1209,280
Avon, Norfolk ,2009-2013,1116,204
Avon, Norfolk ,2010-2014,1064,143
Avon, Norfolk ,2011-2015,986,109
Ayer, Middlesex ,2005-2009,903,85
Ayer, Middlesex ,2006-2010,926,66
Ayer, Middlesex ,2007-2011,965,74
Ayer, Middlesex ,2008-2012,954,112
Ayer, Middlesex ,2009-2013,993,83
Ayer, Middlesex ,2010-2014,890,79
Ayer, Middlesex ,2011-2015,827,76
Barnstable, Barnstable ,2005-2009,1116,53
Barnstable, Barnstable ,2006-2010,1122,65
Barnstable, Barnstable ,2007-2011,1127,77
Barnstable, Barnstable ,2008-2012,1051,87
Barnstable, Barnstable ,2009-2013,1079,81
Barnstable, Barnstable ,2010-2014,1069,68
Barnstable, Barnstable ,2011-2015,1055,59
Barnstable County, Massachusetts,2005-2009,1078,34
Barnstable County, Massachusetts,2006-2010,1079,33
Barnstable County, Massachusetts,2007-2011,1080,29
Barnstable County, Massachusetts,2008-2012,1061,32
Barnstable County, Massachusetts,2009-2013,1077,32
Barnstable County, Massachusetts,2010-2014,1054,32
Barnstable County, Massachusetts,2011-2015,1023,25
Barre, Worcester ,2005-2009,910,141
Barre, Worcester ,2006-2010,868,208
Barre, Worcester ,2007-2011,824,189
Barre, Worcester ,2008-2012,703,109
Barre, Worcester ,2009-2013,841,162
Barre, Worcester ,2010-2014,839,100
Barre, Worcester ,2011-2015,826,48
Becket, Berkshire ,2005-2009,956,917
Becket, Berkshire ,2006-2010,886,240
Becket, Berkshire ,2007-2011,872,355
Becket, Berkshire ,2008-2012,908,244
Becket, Berkshire ,2009-2013,893,232
Becket, Berkshire ,2010-2014,1022,229
Becket, Berkshire ,2011-2015,1021,321
Bedford, Middlesex ,2005-2009,1351,91
Bedford, Middlesex ,2006-2010,1428,111
Bedford, Middlesex ,2007-2011,1396,104
Bedford, Middlesex ,2008-2012,1343,100
Bedford, Middlesex ,2009-2013,1551,243
Bedford, Middlesex ,2010-2014,1662,191
Bedford, Middlesex ,2011-2015,1530,153
Belchertown, Hampshire ,2005-2009,704,107
Belchertown, Hampshire ,2006-2010,776,185
Belchertown, Hampshire ,2007-2011,757,145
Belchertown, Hampshire ,2008-2012,834,77
Belchertown, Hampshire ,2009-2013,821,87
Belchertown, Hampshire ,2010-2014,821,128
Belchertown, Hampshire ,2011-2015,820,129
Bellingham, Norfolk ,2005-2009,1182,69
Bellingham, Norfolk ,2006-2010,1145,62
Bellingham, Norfolk ,2007-2011,1242,88
Bellingham, Norfolk ,2008-2012,1192,91
Bellingham, Norfolk ,2009-2013,1189,109
Bellingham, Norfolk ,2010-2014,1206,100
Bellingham, Norfolk ,2011-2015,1229,104
Belmont, Middlesex ,2005-2009,1627,36
Belmont, Middlesex ,2006-2010,1578,41
Belmont, Middlesex ,2007-2011,1583,45
Belmont, Middlesex ,2008-2012,1560,42
Belmont, Middlesex ,2009-2013,1587,41
Belmont, Middlesex ,2010-2014,1591,52
Belmont, Middlesex ,2011-2015,1610,60
Berkley, Bristol ,2005-2009,1101,778
Berkley, Bristol ,2006-2010,1123,1036
Berkley, Bristol ,2007-2011,1101,541
Berkley, Bristol ,2008-2012,1364,758
Berkley, Bristol ,2009-2013,NA,NA
Berkley, Bristol ,2010-2014,680,297
Berkley, Bristol ,2011-2015,NA,NA
Berkshire County, Massachusetts,2005-2009,697,28
Berkshire County, Massachusetts,2006-2010,707,19
Berkshire County, Massachusetts,2007-2011,717,22
Berkshire County, Massachusetts,2008-2012,697,17
Berkshire County, Massachusetts,2009-2013,720,18
Berkshire County, Massachusetts,2010-2014,697,15
Berkshire County, Massachusetts,2011-2015,680,13
Berlin, Worcester ,2005-2009,1038,76
Berlin, Worcester ,2006-2010,1013,76
Berlin, Worcester ,2007-2011,994,75
Berlin, Worcester ,2008-2012,1017,151
Berlin, Worcester ,2009-2013,1119,310
Berlin, Worcester ,2010-2014,1087,353
Berlin, Worcester ,2011-2015,888,304
Bernardston, Franklin ,2005-2009,1087,337
Bernardston, Franklin ,2006-2010,1049,236
Bernardston, Franklin ,2007-2011,1180,257
Bernardston, Franklin ,2008-2012,1134,287
Bernardston, Franklin ,2009-2013,1175,214
Bernardston, Franklin ,2010-2014,864,576
Bernardston, Franklin ,2011-2015,1083,328
Beverly, Essex ,2005-2009,1107,52
Beverly, Essex ,2006-2010,1076,48
Beverly, Essex ,2007-2011,1072,45
Beverly, Essex ,2008-2012,1051,42
Beverly, Essex ,2009-2013,1070,43
Beverly, Essex ,2010-2014,1067,58
Beverly, Essex ,2011-2015,1064,64
Billerica, Middlesex ,2005-2009,1247,98
Billerica, Middlesex ,2006-2010,1312,80
Billerica, Middlesex ,2007-2011,1326,67
Billerica, Middlesex ,2008-2012,1256,78
Billerica, Middlesex ,2009-2013,1259,54
Billerica, Middlesex ,2010-2014,1309,51
Billerica, Middlesex ,2011-2015,1236,59
Blackstone, Worcester ,2005-2009,807,59
Blackstone, Worcester ,2006-2010,809,83
Blackstone, Worcester ,2007-2011,861,122
Blackstone, Worcester ,2008-2012,837,103
Blackstone, Worcester ,2009-2013,836,76
Blackstone, Worcester ,2010-2014,881,110
Blackstone, Worcester ,2011-2015,846,122
Blandford, Hampden ,2005-2009,829,172
Blandford, Hampden ,2006-2010,862,173
Blandford, Hampden ,2007-2011,772,179
Blandford, Hampden ,2008-2012,NA,NA
Blandford, Hampden ,2009-2013,265,645
Blandford, Hampden ,2010-2014,679,838
Bolton, Worcester ,2005-2009,1616,296
Bolton, Worcester ,2006-2010,1381,768
Bolton, Worcester ,2007-2011,967,792
Bolton, Worcester ,2008-2012,996,418
Bolton, Worcester ,2009-2013,1062,1144
Bolton, Worcester ,2010-2014,965,700
Bolton, Worcester ,2011-2015,1419,1058
Boston, Suffolk ,2005-2009,1250,18
Boston, Suffolk ,2006-2010,1261,14
Boston, Suffolk ,2007-2011,1265,14
Boston, Suffolk ,2008-2012,1254,12
Boston, Suffolk ,2009-2013,1273,11
Boston, Suffolk ,2010-2014,1272,10
Boston, Suffolk ,2011-2015,1250,13
Bourne, Barnstable ,2005-2009,1107,64
Bourne, Barnstable ,2006-2010,1112,71
Bourne, Barnstable ,2007-2011,1064,129
Bourne, Barnstable ,2008-2012,1006,176
Bourne, Barnstable ,2009-2013,884,91
Bourne, Barnstable ,2010-2014,903,80
Bourne, Barnstable ,2011-2015,917,131
Boxborough, Middlesex ,2005-2009,1176,118
Boxborough, Middlesex ,2006-2010,1098,205
Boxborough, Middlesex ,2007-2011,1039,112
Boxborough, Middlesex ,2008-2012,942,41
Boxborough, Middlesex ,2009-2013,930,42
Boxborough, Middlesex ,2010-2014,955,54
Boxborough, Middlesex ,2011-2015,959,71
Boxford, Essex ,2005-2009,657,2065
Boxford, Essex ,2006-2010,655,758
Boxford, Essex ,2007-2011,2041,1646
Boxford, Essex ,2008-2012,NA,NA
Boxford, Essex ,2009-2013,714,2417
Boxford, Essex ,2010-2014,679,655
Boylston, Worcester ,2005-2009,591,142
Boylston, Worcester ,2006-2010,577,265
Boylston, Worcester ,2007-2011,546,127
Boylston, Worcester ,2008-2012,997,780
Boylston, Worcester ,2009-2013,592,401
Boylston, Worcester ,2010-2014,1028,216
Boylston, Worcester ,2011-2015,963,235
Braintree, Norfolk ,2005-2009,1263,129
Braintree, Norfolk ,2006-2010,1250,102
Braintree, Norfolk ,2007-2011,1205,129
Braintree, Norfolk ,2008-2012,1154,101
Braintree, Norfolk ,2009-2013,1285,83
Braintree, Norfolk ,2010-2014,1287,83
Braintree, Norfolk ,2011-2015,1236,70
Brewster, Barnstable ,2005-2009,1069,90
Brewster, Barnstable ,2006-2010,1020,88
Brewster, Barnstable ,2007-2011,1004,103
Brewster, Barnstable ,2008-2012,1041,107
Brewster, Barnstable ,2009-2013,1030,87
Brewster, Barnstable ,2010-2014,986,122
Brewster, Barnstable ,2011-2015,988,60
Bridgewater, Plymouth ,2005-2009,1198,70
Bridgewater, Plymouth ,2006-2010,1189,73
Bridgewater, Plymouth ,2007-2011,1214,46
Bridgewater, Plymouth ,2008-2012,1180,52
Bridgewater, Plymouth ,2009-2013,1170,70
Bridgewater, Plymouth ,2010-2014,1199,89
Bridgewater, Plymouth ,2011-2015,1212,93
Brimfield, Hampden ,2005-2009,842,643
Brimfield, Hampden ,2006-2010,977,286
Brimfield, Hampden ,2007-2011,968,259
Brimfield, Hampden ,2008-2012,894,330
Brimfield, Hampden ,2009-2013,757,325
Brimfield, Hampden ,2010-2014,668,125
Brimfield, Hampden ,2011-2015,704,165
Bristol County, Massachusetts,2005-2009,766,11
Bristol County, Massachusetts,2006-2010,752,9
Bristol County, Massachusetts,2007-2011,758,8
Bristol County, Massachusetts,2008-2012,733,9
Bristol County, Massachusetts,2009-2013,755,9
Bristol County, Massachusetts,2010-2014,748,9
Bristol County, Massachusetts,2011-2015,732,8
Brockton, Plymouth ,2005-2009,994,32
Brockton, Plymouth ,2006-2010,997,20
Brockton, Plymouth ,2007-2011,999,29
Brockton, Plymouth ,2008-2012,993,29
Brockton, Plymouth ,2009-2013,1014,20
Brockton, Plymouth ,2010-2014,994,23
Brockton, Plymouth ,2011-2015,946,28
Brookfield, Worcester ,2005-2009,620,91
Brookfield, Worcester ,2006-2010,607,61
Brookfield, Worcester ,2007-2011,624,77
Brookfield, Worcester ,2008-2012,631,94
Brookfield, Worcester ,2009-2013,613,88
Brookfield, Worcester ,2010-2014,756,193
Brookfield, Worcester ,2011-2015,716,94
Brookline, Norfolk ,2005-2009,1945,55
Brookline, Norfolk ,2006-2010,1913,41
Brookline, Norfolk ,2007-2011,1895,38
Brookline, Norfolk ,2008-2012,1853,39
Brookline, Norfolk ,2009-2013,1921,39
Brookline, Norfolk ,2010-2014,1940,46
Brookline, Norfolk ,2011-2015,1915,48
Buckland, Franklin ,2005-2009,866,33
Buckland, Franklin ,2006-2010,848,12
Buckland, Franklin ,2007-2011,836,27
Buckland, Franklin ,2008-2012,809,29
Buckland, Franklin ,2009-2013,854,48
Buckland, Franklin ,2010-2014,886,71
Buckland, Franklin ,2011-2015,846,179
Burlington, Middlesex ,2005-2009,1647,97
Burlington, Middlesex ,2006-2010,1685,138
Burlington, Middlesex ,2007-2011,1691,102
Burlington, Middlesex ,2008-2012,1628,88
Burlington, Middlesex ,2009-2013,1687,95
Burlington, Middlesex ,2010-2014,1694,92
Burlington, Middlesex ,2011-2015,1616,106
Cambridge, Middlesex ,2005-2009,1621,24
Cambridge, Middlesex ,2006-2010,1609,28
Cambridge, Middlesex ,2007-2011,1656,38
Cambridge, Middlesex ,2008-2012,1652,36
Cambridge, Middlesex ,2009-2013,1696,32
Cambridge, Middlesex ,2010-2014,1731,32
Cambridge, Middlesex ,2011-2015,1711,30
Canton, Norfolk ,2005-2009,1385,101
Canton, Norfolk ,2006-2010,1343,101
Canton, Norfolk ,2007-2011,1389,159
Canton, Norfolk ,2008-2012,1385,138
Canton, Norfolk ,2009-2013,1322,98
Canton, Norfolk ,2010-2014,1437,200
Canton, Norfolk ,2011-2015,1369,190
Carlisle, Middlesex ,2005-2009,2254,228
Carlisle, Middlesex ,2006-2010,2124,220
Carlisle, Middlesex ,2007-2011,2038,205
Carlisle, Middlesex ,2008-2012,2008,593
Carlisle, Middlesex ,2009-2013,NA,NA
Carlisle, Middlesex ,2010-2014,NA,NA
Carlisle, Middlesex ,2011-2015,2222,1309
Carver, Plymouth ,2005-2009,783,596
Carver, Plymouth ,2006-2010,919,359
Carver, Plymouth ,2007-2011,1497,473
Carver, Plymouth ,2008-2012,1431,352
Carver, Plymouth ,2009-2013,1407,376
Carver, Plymouth ,2010-2014,1237,631
Carver, Plymouth ,2011-2015,1315,307
Charlemont, Franklin ,2005-2009,545,80
Charlemont, Franklin ,2006-2010,525,55
Charlemont, Franklin ,2007-2011,543,106
Charlemont, Franklin ,2008-2012,545,185
Charlemont, Franklin ,2009-2013,633,101
Charlemont, Franklin ,2010-2014,648,129
Charlemont, Franklin ,2011-2015,686,94
Charlton, Worcester ,2005-2009,1010,78
Charlton, Worcester ,2006-2010,978,106
Charlton, Worcester ,2007-2011,912,111
Charlton, Worcester ,2008-2012,829,165
Charlton, Worcester ,2009-2013,841,124
Charlton, Worcester ,2010-2014,827,71
Charlton, Worcester ,2011-2015,806,75
Chatham, Barnstable ,2005-2009,961,317
Chatham, Barnstable ,2006-2010,993,86
Chatham, Barnstable ,2007-2011,936,171
Chatham, Barnstable ,2008-2012,878,70
Chatham, Barnstable ,2009-2013,1002,162
Chatham, Barnstable ,2010-2014,914,113
Chatham, Barnstable ,2011-2015,875,127
Chelmsford, Middlesex ,2005-2009,1183,108
Chelmsford, Middlesex ,2006-2010,1165,79
Chelmsford, Middlesex ,2007-2011,1141,85
Chelmsford, Middlesex ,2008-2012,1134,80
Chelmsford, Middlesex ,2009-2013,1126,64
Chelmsford, Middlesex ,2010-2014,1129,73
Chelmsford, Middlesex ,2011-2015,1081,95
Chelsea, Suffolk ,2005-2009,1016,68
Chelsea, Suffolk ,2006-2010,1043,43
Chelsea, Suffolk ,2007-2011,1079,46
Chelsea, Suffolk ,2008-2012,1085,41
Chelsea, Suffolk ,2009-2013,1119,40
Chelsea, Suffolk ,2010-2014,1137,29
Chelsea, Suffolk ,2011-2015,1122,30
Cheshire, Berkshire ,2005-2009,862,61
Cheshire, Berkshire ,2006-2010,824,116
Cheshire, Berkshire ,2007-2011,828,46
Cheshire, Berkshire ,2008-2012,701,131
Cheshire, Berkshire ,2009-2013,709,211
Cheshire, Berkshire ,2010-2014,676,153
Cheshire, Berkshire ,2011-2015,610,169
Chester, Hampden ,2005-2009,644,87
Chester, Hampden ,2006-2010,768,170
Chester, Hampden ,2007-2011,761,48
Chester, Hampden ,2008-2012,605,227
Chester, Hampden ,2009-2013,778,318
Chester, Hampden ,2010-2014,771,174
Chester, Hampden ,2011-2015,712,81
Chesterfield, Hampshire ,2005-2009,1021,32
Chesterfield, Hampshire ,2006-2010,979,35
Chesterfield, Hampshire ,2007-2011,957,123
Chesterfield, Hampshire ,2008-2012,1002,238
Chesterfield, Hampshire ,2009-2013,996,289
Chesterfield, Hampshire ,2010-2014,831,121
Chesterfield, Hampshire ,2011-2015,814,117
Chicopee, Hampden ,2005-2009,714,24
Chicopee, Hampden ,2006-2010,736,25
Chicopee, Hampden ,2007-2011,748,22
Chicopee, Hampden ,2008-2012,744,29
Chicopee, Hampden ,2009-2013,773,23
Chicopee, Hampden ,2010-2014,786,16
Chicopee, Hampden ,2011-2015,768,18
Chilmark, Dukes ,2005-2009,1189,780
Chilmark, Dukes ,2006-2010,1341,596
Chilmark, Dukes ,2007-2011,1052,648
Chilmark, Dukes ,2008-2012,1170,157
Chilmark, Dukes ,2009-2013,1201,337
Chilmark, Dukes ,2010-2014,1146,220
Chilmark, Dukes ,2011-2015,1226,86
Clarksburg, Berkshire ,2005-2009,661,165
Clarksburg, Berkshire ,2006-2010,603,75
Clarksburg, Berkshire ,2007-2011,580,54
Clarksburg, Berkshire ,2008-2012,612,182
Clarksburg, Berkshire ,2009-2013,580,115
Clarksburg, Berkshire ,2010-2014,561,71
Clarksburg, Berkshire ,2011-2015,559,68
Clinton, Worcester ,2005-2009,909,79
Clinton, Worcester ,2006-2010,898,58
Clinton, Worcester ,2007-2011,898,59
Clinton, Worcester ,2008-2012,891,46
Clinton, Worcester ,2009-2013,906,50
Clinton, Worcester ,2010-2014,905,45
Clinton, Worcester ,2011-2015,881,52
Cohasset, Norfolk ,2005-2009,1517,2115
Cohasset, Norfolk ,2006-2010,748,555
Cohasset, Norfolk ,2007-2011,1110,450
Cohasset, Norfolk ,2008-2012,1126,305
Cohasset, Norfolk ,2009-2013,1215,312
Cohasset, Norfolk ,2010-2014,1272,488
Cohasset, Norfolk ,2011-2015,1177,294
Colrain, Franklin ,2005-2009,726,318
Colrain, Franklin ,2006-2010,722,192
Colrain, Franklin ,2007-2011,646,203
Colrain, Franklin ,2008-2012,620,420
Colrain, Franklin ,2009-2013,796,410
Colrain, Franklin ,2010-2014,846,186
Colrain, Franklin ,2011-2015,881,62
Concord, Middlesex ,2005-2009,1524,782
Concord, Middlesex ,2006-2010,1633,304
Concord, Middlesex ,2007-2011,1732,519
Concord, Middlesex ,2008-2012,1700,299
Concord, Middlesex ,2009-2013,1835,127
Concord, Middlesex ,2010-2014,1672,209
Concord, Middlesex ,2011-2015,1758,152
Conway, Franklin ,2005-2009,815,184
Conway, Franklin ,2006-2010,770,148
Conway, Franklin ,2007-2011,788,96
Conway, Franklin ,2008-2012,794,145
Conway, Franklin ,2009-2013,939,119
Conway, Franklin ,2010-2014,987,130
Conway, Franklin ,2011-2015,976,136
Cummington, Hampshire ,2005-2009,684,36
Cummington, Hampshire ,2006-2010,672,27
Cummington, Hampshire ,2007-2011,657,87
Cummington, Hampshire ,2008-2012,624,144
Cummington, Hampshire ,2009-2013,718,167
Cummington, Hampshire ,2010-2014,761,192
Cummington, Hampshire ,2011-2015,677,130
Dalton, Berkshire ,2005-2009,665,104
Dalton, Berkshire ,2006-2010,730,146
Dalton, Berkshire ,2007-2011,775,194
Dalton, Berkshire ,2008-2012,626,86
Dalton, Berkshire ,2009-2013,708,219
Dalton, Berkshire ,2010-2014,675,172
Dalton, Berkshire ,2011-2015,614,98
Danvers, Essex ,2005-2009,1220,119
Danvers, Essex ,2006-2010,1241,107
Danvers, Essex ,2007-2011,1264,104
Danvers, Essex ,2008-2012,1231,105
Danvers, Essex ,2009-2013,1312,115
Danvers, Essex ,2010-2014,1283,72
Danvers, Essex ,2011-2015,1230,59
Dartmouth, Bristol ,2005-2009,996,93
Dartmouth, Bristol ,2006-2010,933,69
Dartmouth, Bristol ,2007-2011,909,120
Dartmouth, Bristol ,2008-2012,898,97
Dartmouth, Bristol ,2009-2013,918,96
Dartmouth, Bristol ,2010-2014,886,175
Dartmouth, Bristol ,2011-2015,849,163
Dedham, Norfolk ,2005-2009,1336,142
Dedham, Norfolk ,2006-2010,1374,99
Dedham, Norfolk ,2007-2011,1439,89
Dedham, Norfolk ,2008-2012,1423,63
Dedham, Norfolk ,2009-2013,1443,86
Dedham, Norfolk ,2010-2014,1444,115
Dedham, Norfolk ,2011-2015,1465,113
Deerfield, Franklin ,2005-2009,869,241
Deerfield, Franklin ,2006-2010,882,125
Deerfield, Franklin ,2007-2011,916,145
Deerfield, Franklin ,2008-2012,755,205
Deerfield, Franklin ,2009-2013,885,259
Deerfield, Franklin ,2010-2014,814,150
Deerfield, Franklin ,2011-2015,872,177
Dennis, Barnstable ,2005-2009,1018,63
Dennis, Barnstable ,2006-2010,1019,56
Dennis, Barnstable ,2007-2011,1026,47
Dennis, Barnstable ,2008-2012,996,68
Dennis, Barnstable ,2009-2013,981,62
Dennis, Barnstable ,2010-2014,961,39
Dennis, Barnstable ,2011-2015,915,43
Dighton, Bristol ,2005-2009,1015,45
Dighton, Bristol ,2006-2010,992,38
Dighton, Bristol ,2007-2011,974,16
Dighton, Bristol ,2008-2012,943,29
Dighton, Bristol ,2009-2013,959,45
Dighton, Bristol ,2010-2014,904,539
Dighton, Bristol ,2011-2015,873,494
Douglas, Worcester ,2005-2009,891,160
Douglas, Worcester ,2006-2010,853,47
Douglas, Worcester ,2007-2011,928,179
Douglas, Worcester ,2008-2012,937,173
Douglas, Worcester ,2009-2013,959,212
Douglas, Worcester ,2010-2014,1063,98
Douglas, Worcester ,2011-2015,1061,135
Dover, Norfolk ,2005-2009,NA,NA
Dover, Norfolk ,2006-2010,NA,NA
Dover, Norfolk ,2007-2011,NA,NA
Dover, Norfolk ,2008-2012,NA,NA
Dover, Norfolk ,2009-2013,1236,558
Dover, Norfolk ,2010-2014,1346,2064
Dover, Norfolk ,2011-2015,2260,1574
Dracut, Middlesex ,2005-2009,1133,40
Dracut, Middlesex ,2006-2010,1119,43
Dracut, Middlesex ,2007-2011,1140,69
Dracut, Middlesex ,2008-2012,1129,68
Dracut, Middlesex ,2009-2013,1157,55
Dracut, Middlesex ,2010-2014,1167,57
Dracut, Middlesex ,2011-2015,1115,64
Dudley, Worcester ,2005-2009,765,83
Dudley, Worcester ,2006-2010,727,78
Dudley, Worcester ,2007-2011,782,123
Dudley, Worcester ,2008-2012,776,90
Dudley, Worcester ,2009-2013,814,49
Dudley, Worcester ,2010-2014,816,57
Dudley, Worcester ,2011-2015,779,36
Dukes County, Massachusetts,2005-2009,1178,180
Dukes County, Massachusetts,2006-2010,1154,206
Dukes County, Massachusetts,2007-2011,1177,176
Dukes County, Massachusetts,2008-2012,1119,96
Dukes County, Massachusetts,2009-2013,1162,99
Dukes County, Massachusetts,2010-2014,1273,109
Dukes County, Massachusetts,2011-2015,1216,132
Dunstable, Middlesex ,2005-2009,538,1305
Dunstable, Middlesex ,2006-2010,614,938
Dunstable, Middlesex ,2007-2011,593,994
Dunstable, Middlesex ,2008-2012,798,796
Dunstable, Middlesex ,2009-2013,635,873
Dunstable, Middlesex ,2010-2014,1087,214
Duxbury, Plymouth ,2005-2009,1073,758
Duxbury, Plymouth ,2006-2010,1117,959
Duxbury, Plymouth ,2007-2011,902,154
Duxbury, Plymouth ,2008-2012,994,151
Duxbury, Plymouth ,2009-2013,1048,119
Duxbury, Plymouth ,2010-2014,1346,549
Duxbury, Plymouth ,2011-2015,1424,433
East Bridgewater, Plymouth ,2005-2009,1007,136
East Bridgewater, Plymouth ,2006-2010,948,152
East Bridgewater, Plymouth ,2007-2011,912,119
East Bridgewater, Plymouth ,2008-2012,896,111
East Bridgewater, Plymouth ,2009-2013,961,108
East Bridgewater, Plymouth ,2010-2014,996,147
East Bridgewater, Plymouth ,2011-2015,955,221
East Brookfield, Worcester ,2005-2009,1050,92
East Brookfield, Worcester ,2006-2010,992,51
East Brookfield, Worcester ,2007-2011,1130,97
East Brookfield, Worcester ,2008-2012,1017,256
East Brookfield, Worcester ,2009-2013,1034,239
East Brookfield, Worcester ,2010-2014,915,209
East Brookfield, Worcester ,2011-2015,930,136
East Longmeadow, Hampden ,2005-2009,415,46
East Longmeadow, Hampden ,2006-2010,453,147
East Longmeadow, Hampden ,2007-2011,575,263
East Longmeadow, Hampden ,2008-2012,671,375
East Longmeadow, Hampden ,2009-2013,912,382
East Longmeadow, Hampden ,2010-2014,737,203
East Longmeadow, Hampden ,2011-2015,711,183
Eastham, Barnstable ,2005-2009,1070,1046
Eastham, Barnstable ,2006-2010,1045,250
Eastham, Barnstable ,2007-2011,1028,413
Eastham, Barnstable ,2008-2012,1394,317
Eastham, Barnstable ,2009-2013,1170,271
Eastham, Barnstable ,2010-2014,1163,157
Eastham, Barnstable ,2011-2015,1068,184
Easthampton, Hampshire ,2005-2009,797,27
Easthampton, Hampshire ,2006-2010,790,38
Easthampton, Hampshire ,2007-2011,783,25
Easthampton, Hampshire ,2008-2012,779,40
Easthampton, Hampshire ,2009-2013,799,31
Easthampton, Hampshire ,2010-2014,810,36
Easthampton, Hampshire ,2011-2015,825,44
Easton, Bristol ,2005-2009,1133,90
Easton, Bristol ,2006-2010,1123,128
Easton, Bristol ,2007-2011,1140,171
Easton, Bristol ,2008-2012,1193,244
Easton, Bristol ,2009-2013,1099,102
Easton, Bristol ,2010-2014,1139,150
Easton, Bristol ,2011-2015,1185,117
Edgartown, Dukes ,2005-2009,1075,216
Edgartown, Dukes ,2006-2010,1245,296
Edgartown, Dukes ,2007-2011,1241,240
Edgartown, Dukes ,2008-2012,1216,119
Edgartown, Dukes ,2009-2013,1252,75
Edgartown, Dukes ,2010-2014,1351,148
Edgartown, Dukes ,2011-2015,1378,125
Egremont, Berkshire ,2005-2009,994,136
Egremont, Berkshire ,2006-2010,873,146
Egremont, Berkshire ,2007-2011,852,63
Egremont, Berkshire ,2008-2012,810,32
Egremont, Berkshire ,2009-2013,844,71
Egremont, Berkshire ,2010-2014,838,241
Egremont, Berkshire ,2011-2015,817,300
Erving, Franklin ,2005-2009,758,85
Erving, Franklin ,2006-2010,828,78
Erving, Franklin ,2007-2011,861,93
Erving, Franklin ,2008-2012,780,75
Erving, Franklin ,2009-2013,800,67
Erving, Franklin ,2010-2014,747,47
Erving, Franklin ,2011-2015,715,58
Essex, Essex ,2005-2009,1210,143
Essex, Essex ,2006-2010,1266,86
Essex, Essex ,2007-2011,1245,72
Essex, Essex ,2008-2012,1208,78
Essex, Essex ,2009-2013,1214,109
Essex, Essex ,2010-2014,1238,113
Essex, Essex ,2011-2015,1143,86
Essex County, Massachusetts,2005-2009,1021,11
Essex County, Massachusetts,2006-2010,1005,9
Essex County, Massachusetts,2007-2011,997,11
Essex County, Massachusetts,2008-2012,982,9
Essex County, Massachusetts,2009-2013,1005,10
Essex County, Massachusetts,2010-2014,1002,10
Essex County, Massachusetts,2011-2015,986,11
Everett, Middlesex ,2005-2009,1127,39
Everett, Middlesex ,2006-2010,1122,32
Everett, Middlesex ,2007-2011,1110,35
Everett, Middlesex ,2008-2012,1136,33
Everett, Middlesex ,2009-2013,1163,29
Everett, Middlesex ,2010-2014,1164,23
Everett, Middlesex ,2011-2015,1151,23
Fairhaven, Bristol ,2005-2009,857,93
Fairhaven, Bristol ,2006-2010,811,101
Fairhaven, Bristol ,2007-2011,848,61
Fairhaven, Bristol ,2008-2012,804,63
Fairhaven, Bristol ,2009-2013,815,45
Fairhaven, Bristol ,2010-2014,797,39
Fairhaven, Bristol ,2011-2015,779,35
Fall River, Bristol ,2005-2009,638,15
Fall River, Bristol ,2006-2010,628,13
Fall River, Bristol ,2007-2011,642,17
Fall River, Bristol ,2008-2012,634,17
Fall River, Bristol ,2009-2013,655,15
Fall River, Bristol ,2010-2014,656,12
Fall River, Bristol ,2011-2015,640,11
Falmouth, Barnstable ,2005-2009,981,135
Falmouth, Barnstable ,2006-2010,1026,89
Falmouth, Barnstable ,2007-2011,1073,64
Falmouth, Barnstable ,2008-2012,1049,65
Falmouth, Barnstable ,2009-2013,1097,54
Falmouth, Barnstable ,2010-2014,1089,71
Falmouth, Barnstable ,2011-2015,1057,66
Fitchburg, Worcester ,2005-2009,806,35
Fitchburg, Worcester ,2006-2010,795,32
Fitchburg, Worcester ,2007-2011,789,32
Fitchburg, Worcester ,2008-2012,754,29
Fitchburg, Worcester ,2009-2013,757,23
Fitchburg, Worcester ,2010-2014,760,26
Fitchburg, Worcester ,2011-2015,729,27
Florida, Berkshire ,2005-2009,1260,1255
Florida, Berkshire ,2006-2010,999,1747
Florida, Berkshire ,2007-2011,1472,1591
Florida, Berkshire ,2008-2012,1140,518
Florida, Berkshire ,2009-2013,1077,355
Florida, Berkshire ,2010-2014,1060,389
Florida, Berkshire ,2011-2015,1133,302
Foxborough, Norfolk ,2005-2009,1222,56
Foxborough, Norfolk ,2006-2010,1274,43
Foxborough, Norfolk ,2007-2011,1247,62
Foxborough, Norfolk ,2008-2012,1232,72
Foxborough, Norfolk ,2009-2013,1295,96
Foxborough, Norfolk ,2010-2014,1305,96
Foxborough, Norfolk ,2011-2015,1304,79
Framingham, Middlesex ,2005-2009,1176,44
Framingham, Middlesex ,2006-2010,1146,49
Framingham, Middlesex ,2007-2011,1109,43
Framingham, Middlesex ,2008-2012,1100,50
Framingham, Middlesex ,2009-2013,1115,44
Framingham, Middlesex ,2010-2014,1146,46
Framingham, Middlesex ,2011-2015,1149,35
Franklin, Norfolk ,2005-2009,1184,58
Franklin, Norfolk ,2006-2010,1203,81
Franklin, Norfolk ,2007-2011,1135,74
Franklin, Norfolk ,2008-2012,1139,57
Franklin, Norfolk ,2009-2013,1117,72
Franklin, Norfolk ,2010-2014,1104,93
Franklin, Norfolk ,2011-2015,1084,81
Franklin County, Massachusetts,2005-2009,808,30
Franklin County, Massachusetts,2006-2010,826,33
Franklin County, Massachusetts,2007-2011,824,26
Franklin County, Massachusetts,2008-2012,784,25
Franklin County, Massachusetts,2009-2013,805,23
Franklin County, Massachusetts,2010-2014,779,20
Franklin County, Massachusetts,2011-2015,764,18
Freetown, Bristol ,2005-2009,1267,297
Freetown, Bristol ,2006-2010,1117,477
Freetown, Bristol ,2007-2011,849,280
Freetown, Bristol ,2008-2012,809,386
Freetown, Bristol ,2009-2013,974,309
Freetown, Bristol ,2010-2014,894,198
Freetown, Bristol ,2011-2015,948,229
Gardner, Worcester ,2005-2009,767,29
Gardner, Worcester ,2006-2010,754,28
Gardner, Worcester ,2007-2011,748,33
Gardner, Worcester ,2008-2012,721,25
Gardner, Worcester ,2009-2013,725,24
Gardner, Worcester ,2010-2014,715,36
Gardner, Worcester ,2011-2015,682,23
GEO.display-label,NA,2006-2010,NA,NA
GEO.display-label,NA,2007-2011,NA,NA
GEO.display-label,NA,2008-2012,NA,NA
GEO.display-label,NA,2009-2013,NA,NA
GEO.display-label,NA,2010-2014,NA,NA
GEO.display-label,NA,2011-2015,NA,NA
Geography,NA,2006-2010,NA,NA
Geography,NA,2007-2011,NA,NA
Geography,NA,2008-2012,NA,NA
Geography,NA,2009-2013,NA,NA
Geography,NA,2010-2014,NA,NA
Geography,NA,2011-2015,NA,NA
Georgetown, Essex ,2005-2009,1001,98
Georgetown, Essex ,2006-2010,1064,113
Georgetown, Essex ,2007-2011,972,201
Georgetown, Essex ,2008-2012,1148,209
Georgetown, Essex ,2009-2013,1234,166
Georgetown, Essex ,2010-2014,1223,98
Georgetown, Essex ,2011-2015,1174,91
Gill, Franklin ,2005-2009,672,84
Gill, Franklin ,2006-2010,742,195
Gill, Franklin ,2007-2011,729,107
Gill, Franklin ,2008-2012,713,307
Gill, Franklin ,2009-2013,903,500
Gill, Franklin ,2010-2014,625,117
Gill, Franklin ,2011-2015,610,149
Gloucester, Essex ,2005-2009,1005,63
Gloucester, Essex ,2006-2010,995,42
Gloucester, Essex ,2007-2011,970,58
Gloucester, Essex ,2008-2012,931,30
Gloucester, Essex ,2009-2013,946,38
Gloucester, Essex ,2010-2014,934,32
Gloucester, Essex ,2011-2015,908,26
Goshen, Hampshire ,2005-2009,1283,627
Goshen, Hampshire ,2006-2010,1185,811
Goshen, Hampshire ,2007-2011,1148,710
Goshen, Hampshire ,2008-2012,856,494
Goshen, Hampshire ,2009-2013,877,541
Goshen, Hampshire ,2010-2014,1118,683
Goshen, Hampshire ,2011-2015,1165,84
Gosnold, Dukes ,2005-2009,NA,NA
Gosnold, Dukes ,2006-2010,882,49
Gosnold, Dukes ,2007-2011,857,48
Gosnold, Dukes ,2008-2012,826,46
Gosnold, Dukes ,2009-2013,NA,NA
Gosnold, Dukes ,2010-2014,NA,NA
Gosnold, Dukes ,2011-2015,NA,NA
Grafton, Worcester ,2005-2009,959,50
Grafton, Worcester ,2006-2010,931,59
Grafton, Worcester ,2007-2011,936,55
Grafton, Worcester ,2008-2012,922,40
Grafton, Worcester ,2009-2013,954,45
Grafton, Worcester ,2010-2014,977,58
Grafton, Worcester ,2011-2015,994,43
Granby, Hampshire ,2005-2009,761,246
Granby, Hampshire ,2006-2010,797,145
Granby, Hampshire ,2007-2011,785,88
Granby, Hampshire ,2008-2012,746,89
Granby, Hampshire ,2009-2013,755,150
Granby, Hampshire ,2010-2014,789,62
Granby, Hampshire ,2011-2015,624,260
Granville, Hampden ,2005-2009,706,161
Granville, Hampden ,2006-2010,710,149
Granville, Hampden ,2007-2011,800,298
Granville, Hampden ,2008-2012,757,211
Granville, Hampden ,2009-2013,798,118
Granville, Hampden ,2010-2014,802,243
Granville, Hampden ,2011-2015,784,238
Great Barrington, Berkshire ,2005-2009,788,67
Great Barrington, Berkshire ,2006-2010,821,63
Great Barrington, Berkshire ,2007-2011,862,77
Great Barrington, Berkshire ,2008-2012,930,133
Great Barrington, Berkshire ,2009-2013,925,181
Great Barrington, Berkshire ,2010-2014,917,199
Great Barrington, Berkshire ,2011-2015,943,145
Greenfield, Franklin ,2005-2009,746,29
Greenfield, Franklin ,2006-2010,738,29
Greenfield, Franklin ,2007-2011,765,37
Greenfield, Franklin ,2008-2012,746,37
Greenfield, Franklin ,2009-2013,764,35
Greenfield, Franklin ,2010-2014,753,27
Greenfield, Franklin ,2011-2015,748,27
Groton, Middlesex ,2005-2009,1380,779
Groton, Middlesex ,2006-2010,1477,564
Groton, Middlesex ,2007-2011,1001,426
Groton, Middlesex ,2008-2012,1096,178
Groton, Middlesex ,2009-2013,1122,244
Groton, Middlesex ,2010-2014,1075,143
Groton, Middlesex ,2011-2015,1018,118
Groveland, Essex ,2005-2009,1394,266
Groveland, Essex ,2006-2010,1400,247
Groveland, Essex ,2007-2011,1120,237
Groveland, Essex ,2008-2012,1030,205
Groveland, Essex ,2009-2013,953,302
Groveland, Essex ,2010-2014,1135,286
Groveland, Essex ,2011-2015,1067,338
Hadley, Hampshire ,2005-2009,772,110
Hadley, Hampshire ,2006-2010,810,152
Hadley, Hampshire ,2007-2011,901,209
Hadley, Hampshire ,2008-2012,785,162
Hadley, Hampshire ,2009-2013,921,211
Hadley, Hampshire ,2010-2014,951,230
Hadley, Hampshire ,2011-2015,1058,297
Halifax, Plymouth ,2005-2009,1073,228
Halifax, Plymouth ,2006-2010,1183,376
Halifax, Plymouth ,2007-2011,1156,307
Halifax, Plymouth ,2008-2012,1265,528
Halifax, Plymouth ,2009-2013,1253,187
Halifax, Plymouth ,2010-2014,1649,462
Halifax, Plymouth ,2011-2015,1586,452
Hamilton, Essex ,2005-2009,1144,140
Hamilton, Essex ,2006-2010,1186,147
Hamilton, Essex ,2007-2011,1064,205
Hamilton, Essex ,2008-2012,1123,232
Hamilton, Essex ,2009-2013,1135,233
Hamilton, Essex ,2010-2014,1110,168
Hamilton, Essex ,2011-2015,1088,153
Hampden, Hampden ,2005-2009,750,221
Hampden, Hampden ,2006-2010,835,161
Hampden, Hampden ,2007-2011,823,81
Hampden, Hampden ,2008-2012,773,376
Hampden, Hampden ,2009-2013,654,386
Hampden, Hampden ,2010-2014,829,137
Hampden, Hampden ,2011-2015,795,281
Hampden County, Massachusetts,2005-2009,732,10
Hampden County, Massachusetts,2006-2010,738,8
Hampden County, Massachusetts,2007-2011,748,10
Hampden County, Massachusetts,2008-2012,723,10
Hampden County, Massachusetts,2009-2013,749,11
Hampden County, Massachusetts,2010-2014,761,11
Hampden County, Massachusetts,2011-2015,746,9
Hampshire County, Massachusetts,2005-2009,880,33
Hampshire County, Massachusetts,2006-2010,871,27
Hampshire County, Massachusetts,2007-2011,872,24
Hampshire County, Massachusetts,2008-2012,873,30
Hampshire County, Massachusetts,2009-2013,907,21
Hampshire County, Massachusetts,2010-2014,904,23
Hampshire County, Massachusetts,2011-2015,904,20
Hancock, Berkshire ,2005-2009,650,221
Hancock, Berkshire ,2006-2010,662,175
Hancock, Berkshire ,2007-2011,720,335
Hancock, Berkshire ,2008-2012,702,391
Hancock, Berkshire ,2009-2013,801,225
Hancock, Berkshire ,2010-2014,839,201
Hancock, Berkshire ,2011-2015,836,87
Hanover, Plymouth ,2005-2009,760,204
Hanover, Plymouth ,2006-2010,970,215
Hanover, Plymouth ,2007-2011,991,234
Hanover, Plymouth ,2008-2012,872,313
Hanover, Plymouth ,2009-2013,1005,245
Hanover, Plymouth ,2010-2014,1029,201
Hanover, Plymouth ,2011-2015,1151,252
Hanson, Plymouth ,2005-2009,967,110
Hanson, Plymouth ,2006-2010,990,128
Hanson, Plymouth ,2007-2011,950,67
Hanson, Plymouth ,2008-2012,947,111
Hanson, Plymouth ,2009-2013,1021,230
Hanson, Plymouth ,2010-2014,998,208
Hanson, Plymouth ,2011-2015,803,222
Hardwick, Worcester ,2005-2009,500,275
Hardwick, Worcester ,2006-2010,369,249
Hardwick, Worcester ,2007-2011,616,137
Hardwick, Worcester ,2008-2012,609,181
Hardwick, Worcester ,2009-2013,545,157
Hardwick, Worcester ,2010-2014,610,132
Hardwick, Worcester ,2011-2015,534,71
Harvard, Worcester ,2005-2009,1397,149
Harvard, Worcester ,2006-2010,1425,273
Harvard, Worcester ,2007-2011,1453,298
Harvard, Worcester ,2008-2012,1403,387
Harvard, Worcester ,2009-2013,1458,241
Harvard, Worcester ,2010-2014,1437,284
Harvard, Worcester ,2011-2015,1404,391
Harwich, Barnstable ,2005-2009,897,159
Harwich, Barnstable ,2006-2010,1078,241
Harwich, Barnstable ,2007-2011,1094,131
Harwich, Barnstable ,2008-2012,1012,146
Harwich, Barnstable ,2009-2013,1014,126
Harwich, Barnstable ,2010-2014,1103,160
Harwich, Barnstable ,2011-2015,944,138
Hatfield, Hampshire ,2005-2009,663,201
Hatfield, Hampshire ,2006-2010,662,187
Hatfield, Hampshire ,2007-2011,669,145
Hatfield, Hampshire ,2008-2012,718,168
Hatfield, Hampshire ,2009-2013,815,168
Hatfield, Hampshire ,2010-2014,862,105
Hatfield, Hampshire ,2011-2015,877,84
Haverhill, Essex ,2005-2009,996,33
Haverhill, Essex ,2006-2010,977,38
Haverhill, Essex ,2007-2011,957,27
Haverhill, Essex ,2008-2012,946,29
Haverhill, Essex ,2009-2013,959,25
Haverhill, Essex ,2010-2014,986,37
Haverhill, Essex ,2011-2015,958,32
Hawley, Franklin ,2005-2009,835,376
Hawley, Franklin ,2006-2010,950,415
Hawley, Franklin ,2007-2011,844,195
Hawley, Franklin ,2008-2012,899,227
Hawley, Franklin ,2009-2013,794,59
Hawley, Franklin ,2010-2014,643,215
Hawley, Franklin ,2011-2015,615,228
Heath, Franklin ,2005-2009,528,208
Heath, Franklin ,2006-2010,510,246
Heath, Franklin ,2007-2011,600,424
Heath, Franklin ,2008-2012,493,511
Heath, Franklin ,2009-2013,778,551
Heath, Franklin ,2010-2014,788,71
Heath, Franklin ,2011-2015,764,73
Hingham, Plymouth ,2005-2009,1595,225
Hingham, Plymouth ,2006-2010,1754,182
Hingham, Plymouth ,2007-2011,1830,118
Hingham, Plymouth ,2008-2012,1806,122
Hingham, Plymouth ,2009-2013,1934,73
Hingham, Plymouth ,2010-2014,1942,98
Hingham, Plymouth ,2011-2015,1939,165
Hinsdale, Berkshire ,2005-2009,607,112
Hinsdale, Berkshire ,2006-2010,697,173
Hinsdale, Berkshire ,2007-2011,654,243
Hinsdale, Berkshire ,2008-2012,645,201
Hinsdale, Berkshire ,2009-2013,647,110
Hinsdale, Berkshire ,2010-2014,661,400
Hinsdale, Berkshire ,2011-2015,603,236
Holbrook, Norfolk ,2005-2009,1023,100
Holbrook, Norfolk ,2006-2010,1045,147
Holbrook, Norfolk ,2007-2011,1065,177
Holbrook, Norfolk ,2008-2012,1179,362
Holbrook, Norfolk ,2009-2013,1184,270
Holbrook, Norfolk ,2010-2014,996,304
Holbrook, Norfolk ,2011-2015,849,272
Holden, Worcester ,2005-2009,966,97
Holden, Worcester ,2006-2010,960,100
Holden, Worcester ,2007-2011,942,66
Holden, Worcester ,2008-2012,799,146
Holden, Worcester ,2009-2013,938,97
Holden, Worcester ,2010-2014,993,62
Holden, Worcester ,2011-2015,1002,72
Holland, Hampden ,2005-2009,936,58
Holland, Hampden ,2006-2010,701,340
Holland, Hampden ,2007-2011,872,298
Holland, Hampden ,2008-2012,764,334
Holland, Hampden ,2009-2013,764,408
Holland, Hampden ,2010-2014,919,450
Holland, Hampden ,2011-2015,919,278
Holliston, Middlesex ,2005-2009,842,382
Holliston, Middlesex ,2006-2010,1037,248
Holliston, Middlesex ,2007-2011,903,214
Holliston, Middlesex ,2008-2012,1018,208
Holliston, Middlesex ,2009-2013,951,182
Holliston, Middlesex ,2010-2014,914,118
Holliston, Middlesex ,2011-2015,840,186
Holyoke, Hampden ,2005-2009,658,21
Holyoke, Hampden ,2006-2010,650,29
Holyoke, Hampden ,2007-2011,654,41
Holyoke, Hampden ,2008-2012,608,29
Holyoke, Hampden ,2009-2013,601,30
Holyoke, Hampden ,2010-2014,652,32
Holyoke, Hampden ,2011-2015,644,27
Hopedale, Worcester ,2005-2009,1061,251
Hopedale, Worcester ,2006-2010,1161,393
Hopedale, Worcester ,2007-2011,1126,176
Hopedale, Worcester ,2008-2012,1049,134
Hopedale, Worcester ,2009-2013,898,268
Hopedale, Worcester ,2010-2014,1053,177
Hopedale, Worcester ,2011-2015,1033,150
Hopkinton, Middlesex ,2005-2009,1031,477
Hopkinton, Middlesex ,2006-2010,1004,295
Hopkinton, Middlesex ,2007-2011,1097,239
Hopkinton, Middlesex ,2008-2012,1139,400
Hopkinton, Middlesex ,2009-2013,1287,380
Hopkinton, Middlesex ,2010-2014,1373,182
Hopkinton, Middlesex ,2011-2015,1323,152
Hubbardston, Worcester ,2005-2009,858,846
Hubbardston, Worcester ,2006-2010,842,718
Hubbardston, Worcester ,2007-2011,881,596
Hubbardston, Worcester ,2008-2012,872,275
Hubbardston, Worcester ,2009-2013,882,273
Hubbardston, Worcester ,2010-2014,951,386
Hubbardston, Worcester ,2011-2015,859,114
Hudson, Middlesex ,2005-2009,1101,106
Hudson, Middlesex ,2006-2010,1098,78
Hudson, Middlesex ,2007-2011,1096,56
Hudson, Middlesex ,2008-2012,1078,78
Hudson, Middlesex ,2009-2013,1069,52
Hudson, Middlesex ,2010-2014,1067,53
Hudson, Middlesex ,2011-2015,1038,57
Hull, Plymouth ,2005-2009,1421,159
Hull, Plymouth ,2006-2010,1422,145
Hull, Plymouth ,2007-2011,1441,142
Hull, Plymouth ,2008-2012,1373,145
Hull, Plymouth ,2009-2013,1406,160
Hull, Plymouth ,2010-2014,1306,116
Hull, Plymouth ,2011-2015,1211,86
Huntington, Hampshire ,2005-2009,661,221
Huntington, Hampshire ,2006-2010,641,86
Huntington, Hampshire ,2007-2011,598,77
Huntington, Hampshire ,2008-2012,591,140
Huntington, Hampshire ,2009-2013,613,123
Huntington, Hampshire ,2010-2014,573,134
Huntington, Hampshire ,2011-2015,567,322
Ipswich, Essex ,2005-2009,947,141
Ipswich, Essex ,2006-2010,929,79
Ipswich, Essex ,2007-2011,1004,95
Ipswich, Essex ,2008-2012,1070,108
Ipswich, Essex ,2009-2013,1042,76
Ipswich, Essex ,2010-2014,1075,99
Ipswich, Essex ,2011-2015,1068,72
Kingston, Plymouth ,2005-2009,1258,174
Kingston, Plymouth ,2006-2010,1224,158
Kingston, Plymouth ,2007-2011,1240,185
Kingston, Plymouth ,2008-2012,1302,308
Kingston, Plymouth ,2009-2013,1104,260
Kingston, Plymouth ,2010-2014,1119,252
Kingston, Plymouth ,2011-2015,1244,141
Lakeville, Plymouth ,2005-2009,868,771
Lakeville, Plymouth ,2006-2010,888,614
Lakeville, Plymouth ,2007-2011,1002,71
Lakeville, Plymouth ,2008-2012,951,46
Lakeville, Plymouth ,2009-2013,973,146
Lakeville, Plymouth ,2010-2014,1153,108
Lakeville, Plymouth ,2011-2015,1140,87
Lancaster, Worcester ,2005-2009,847,231
Lancaster, Worcester ,2006-2010,828,169
Lancaster, Worcester ,2007-2011,865,155
Lancaster, Worcester ,2008-2012,905,216
Lancaster, Worcester ,2009-2013,919,123
Lancaster, Worcester ,2010-2014,876,125
Lancaster, Worcester ,2011-2015,912,90
Lanesborough, Berkshire ,2005-2009,610,340
Lanesborough, Berkshire ,2006-2010,571,174
Lanesborough, Berkshire ,2007-2011,565,338
Lanesborough, Berkshire ,2008-2012,575,249
Lanesborough, Berkshire ,2009-2013,590,192
Lanesborough, Berkshire ,2010-2014,610,360
Lanesborough, Berkshire ,2011-2015,805,85
Lawrence, Essex ,2005-2009,919,19
Lawrence, Essex ,2006-2010,905,21
Lawrence, Essex ,2007-2011,905,22
Lawrence, Essex ,2008-2012,898,14
Lawrence, Essex ,2009-2013,915,14
Lawrence, Essex ,2010-2014,900,14
Lawrence, Essex ,2011-2015,888,15
Lee, Berkshire ,2005-2009,750,68
Lee, Berkshire ,2006-2010,759,49
Lee, Berkshire ,2007-2011,754,30
Lee, Berkshire ,2008-2012,746,42
Lee, Berkshire ,2009-2013,774,36
Lee, Berkshire ,2010-2014,721,63
Lee, Berkshire ,2011-2015,694,51
Leicester, Worcester ,2005-2009,777,120
Leicester, Worcester ,2006-2010,722,141
Leicester, Worcester ,2007-2011,626,153
Leicester, Worcester ,2008-2012,615,128
Leicester, Worcester ,2009-2013,666,203
Leicester, Worcester ,2010-2014,783,176
Leicester, Worcester ,2011-2015,797,92
Lenox, Berkshire ,2005-2009,890,294
Lenox, Berkshire ,2006-2010,940,167
Lenox, Berkshire ,2007-2011,854,143
Lenox, Berkshire ,2008-2012,830,139
Lenox, Berkshire ,2009-2013,819,72
Lenox, Berkshire ,2010-2014,806,80
Lenox, Berkshire ,2011-2015,801,70
Leominster, Worcester ,2005-2009,870,50
Leominster, Worcester ,2006-2010,870,40
Leominster, Worcester ,2007-2011,866,29
Leominster, Worcester ,2008-2012,849,19
Leominster, Worcester ,2009-2013,866,20
Leominster, Worcester ,2010-2014,849,25
Leominster, Worcester ,2011-2015,816,21
Leverett, Franklin ,2005-2009,962,150
Leverett, Franklin ,2006-2010,1024,59
Leverett, Franklin ,2007-2011,990,41
Leverett, Franklin ,2008-2012,959,54
Leverett, Franklin ,2009-2013,972,135
Leverett, Franklin ,2010-2014,933,53
Leverett, Franklin ,2011-2015,918,41
Lexington, Middlesex ,2005-2009,2057,121
Lexington, Middlesex ,2006-2010,2013,109
Lexington, Middlesex ,2007-2011,1956,143
Lexington, Middlesex ,2008-2012,1929,162
Lexington, Middlesex ,2009-2013,1772,152
Lexington, Middlesex ,2010-2014,1703,150
Lexington, Middlesex ,2011-2015,1603,149
Leyden, Franklin ,2005-2009,983,710
Leyden, Franklin ,2006-2010,NA,NA
Leyden, Franklin ,2007-2011,772,884
Leyden, Franklin ,2008-2012,908,605
Leyden, Franklin ,2009-2013,788,716
Leyden, Franklin ,2010-2014,484,691
Lincoln, Middlesex ,2005-2009,NA,NA
Lincoln, Middlesex ,2006-2010,2337,173
Lincoln, Middlesex ,2007-2011,2271,171
Lincoln, Middlesex ,2008-2012,2142,175
Lincoln, Middlesex ,2009-2013,NA,NA
Lincoln, Middlesex ,2010-2014,NA,NA
Lincoln, Middlesex ,2011-2015,2246,159
Littleton, Middlesex ,2005-2009,735,420
Littleton, Middlesex ,2006-2010,582,350
Littleton, Middlesex ,2007-2011,618,315
Littleton, Middlesex ,2008-2012,765,887
Littleton, Middlesex ,2009-2013,985,742
Littleton, Middlesex ,2010-2014,1149,521
Littleton, Middlesex ,2011-2015,899,493
Longmeadow, Hampden ,2005-2009,1237,938
Longmeadow, Hampden ,2006-2010,1459,657
Longmeadow, Hampden ,2007-2011,1045,1024
Longmeadow, Hampden ,2008-2012,1041,1060
Longmeadow, Hampden ,2009-2013,1455,418
Longmeadow, Hampden ,2010-2014,1482,142
Longmeadow, Hampden ,2011-2015,1466,315
Lowell, Middlesex ,2005-2009,932,32
Lowell, Middlesex ,2006-2010,949,20
Lowell, Middlesex ,2007-2011,949,19
Lowell, Middlesex ,2008-2012,931,19
Lowell, Middlesex ,2009-2013,970,21
Lowell, Middlesex ,2010-2014,978,21
Lowell, Middlesex ,2011-2015,949,20
Ludlow, Hampden ,2005-2009,854,46
Ludlow, Hampden ,2006-2010,810,35
Ludlow, Hampden ,2007-2011,823,42
Ludlow, Hampden ,2008-2012,777,46
Ludlow, Hampden ,2009-2013,787,71
Ludlow, Hampden ,2010-2014,798,36
Ludlow, Hampden ,2011-2015,799,38
Lunenburg, Worcester ,2005-2009,779,333
Lunenburg, Worcester ,2006-2010,942,379
Lunenburg, Worcester ,2007-2011,861,271
Lunenburg, Worcester ,2008-2012,837,250
Lunenburg, Worcester ,2009-2013,1017,267
Lunenburg, Worcester ,2010-2014,986,271
Lunenburg, Worcester ,2011-2015,1128,243
Lynn, Essex ,2005-2009,964,22
Lynn, Essex ,2006-2010,952,22
Lynn, Essex ,2007-2011,944,22
Lynn, Essex ,2008-2012,919,18
Lynn, Essex ,2009-2013,937,20
Lynn, Essex ,2010-2014,928,22
Lynn, Essex ,2011-2015,924,24
Lynnfield, Essex ,2005-2009,1173,2037
Lynnfield, Essex ,2006-2010,615,1019
Lynnfield, Essex ,2007-2011,626,1436
Lynnfield, Essex ,2008-2012,1269,493
Lynnfield, Essex ,2009-2013,1326,423
Lynnfield, Essex ,2010-2014,1352,423
Lynnfield, Essex ,2011-2015,1473,415
Malden, Middlesex ,2005-2009,1247,44
Malden, Middlesex ,2006-2010,1218,42
Malden, Middlesex ,2007-2011,1205,33
Malden, Middlesex ,2008-2012,1199,33
Malden, Middlesex ,2009-2013,1215,33
Malden, Middlesex ,2010-2014,1255,34
Malden, Middlesex ,2011-2015,1229,34
Manchester-by-the-Sea, Essex ,2005-2009,1427,165
Manchester-by-the-Sea, Essex ,2006-2010,1283,149
Manchester-by-the-Sea, Essex ,2007-2011,1265,121
Manchester-by-the-Sea, Essex ,2008-2012,1179,131
Manchester-by-the-Sea, Essex ,2009-2013,1221,149
Manchester-by-the-Sea, Essex ,2010-2014,1208,240
Manchester-by-the-Sea, Essex ,2011-2015,1198,283
Mansfield, Bristol ,2005-2009,1169,149
Mansfield, Bristol ,2006-2010,1174,62
Mansfield, Bristol ,2007-2011,1158,67
Mansfield, Bristol ,2008-2012,1104,73
Mansfield, Bristol ,2009-2013,1084,60
Mansfield, Bristol ,2010-2014,1152,58
Mansfield, Bristol ,2011-2015,1134,54
Marblehead, Essex ,2005-2009,1166,70
Marblehead, Essex ,2006-2010,1133,143
Marblehead, Essex ,2007-2011,1144,128
Marblehead, Essex ,2008-2012,1189,134
Marblehead, Essex ,2009-2013,1214,92
Marblehead, Essex ,2010-2014,1262,99
Marblehead, Essex ,2011-2015,1256,114
Marion, Plymouth ,2005-2009,1544,180
Marion, Plymouth ,2006-2010,1467,277
Marion, Plymouth ,2007-2011,1016,584
Marion, Plymouth ,2008-2012,952,206
Marion, Plymouth ,2009-2013,874,104
Marion, Plymouth ,2010-2014,1003,114
Marion, Plymouth ,2011-2015,979,135
Marlborough, Middlesex ,2005-2009,1124,57
Marlborough, Middlesex ,2006-2010,1100,46
Marlborough, Middlesex ,2007-2011,1072,47
Marlborough, Middlesex ,2008-2012,1035,41
Marlborough, Middlesex ,2009-2013,1079,51
Marlborough, Middlesex ,2010-2014,1102,55
Marlborough, Middlesex ,2011-2015,1079,52
Marshfield, Plymouth ,2005-2009,1217,147
Marshfield, Plymouth ,2006-2010,1233,167
Marshfield, Plymouth ,2007-2011,1297,73
Marshfield, Plymouth ,2008-2012,1233,54
Marshfield, Plymouth ,2009-2013,1246,61
Marshfield, Plymouth ,2010-2014,1202,60
Marshfield, Plymouth ,2011-2015,1202,57
Mashpee, Barnstable ,2005-2009,1095,359
Mashpee, Barnstable ,2006-2010,1260,103
Mashpee, Barnstable ,2007-2011,1271,107
Mashpee, Barnstable ,2008-2012,1268,138
Mashpee, Barnstable ,2009-2013,1254,106
Mashpee, Barnstable ,2010-2014,1240,96
Mashpee, Barnstable ,2011-2015,1165,64
Massachusetts,NA,2005-2009,1030,5
Massachusetts,NA,2006-2010,1026,5
Massachusetts,NA,2007-2011,1021,5
Massachusetts,NA,2008-2012,1011,6
Massachusetts,NA,2009-2013,1034,4
Massachusetts,NA,2010-2014,1037,5
Massachusetts,NA,2011-2015,1018,5
Mattapoisett, Plymouth ,2005-2009,1158,279
Mattapoisett, Plymouth ,2006-2010,1154,228
Mattapoisett, Plymouth ,2007-2011,1108,153
Mattapoisett, Plymouth ,2008-2012,1072,170
Mattapoisett, Plymouth ,2009-2013,1020,240
Mattapoisett, Plymouth ,2010-2014,1097,368
Mattapoisett, Plymouth ,2011-2015,891,213
Maynard, Middlesex ,2005-2009,1035,39
Maynard, Middlesex ,2006-2010,1012,68
Maynard, Middlesex ,2007-2011,974,114
Maynard, Middlesex ,2008-2012,959,146
Maynard, Middlesex ,2009-2013,939,138
Maynard, Middlesex ,2010-2014,1014,161
Maynard, Middlesex ,2011-2015,989,145
Medfield, Norfolk ,2005-2009,1146,114
Medfield, Norfolk ,2006-2010,1100,133
Medfield, Norfolk ,2007-2011,1010,62
Medfield, Norfolk ,2008-2012,951,87
Medfield, Norfolk ,2009-2013,999,147
Medfield, Norfolk ,2010-2014,902,233
Medfield, Norfolk ,2011-2015,979,92
Medford, Middlesex ,2005-2009,1326,45
Medford, Middlesex ,2006-2010,1332,39
Medford, Middlesex ,2007-2011,1344,56
Medford, Middlesex ,2008-2012,1367,53
Medford, Middlesex ,2009-2013,1411,33
Medford, Middlesex ,2010-2014,1417,48
Medford, Middlesex ,2011-2015,1389,37
Medway, Norfolk ,2005-2009,962,92
Medway, Norfolk ,2006-2010,849,226
Medway, Norfolk ,2007-2011,623,358
Medway, Norfolk ,2008-2012,722,376
Medway, Norfolk ,2009-2013,808,203
Medway, Norfolk ,2010-2014,813,276
Medway, Norfolk ,2011-2015,939,197
Melrose, Middlesex ,2005-2009,1136,68
Melrose, Middlesex ,2006-2010,1178,86
Melrose, Middlesex ,2007-2011,1166,77
Melrose, Middlesex ,2008-2012,1107,67
Melrose, Middlesex ,2009-2013,1139,75
Melrose, Middlesex ,2010-2014,1126,87
Melrose, Middlesex ,2011-2015,1133,55
Mendon, Worcester ,2005-2009,1021,210
Mendon, Worcester ,2006-2010,870,431
Mendon, Worcester ,2007-2011,929,198
Mendon, Worcester ,2008-2012,816,384
Mendon, Worcester ,2009-2013,806,753
Mendon, Worcester ,2010-2014,1206,178
Mendon, Worcester ,2011-2015,1215,58
Merrimac, Essex ,2005-2009,1025,222
Merrimac, Essex ,2006-2010,995,192
Merrimac, Essex ,2007-2011,1056,115
Merrimac, Essex ,2008-2012,1033,209
Merrimac, Essex ,2009-2013,1003,215
Merrimac, Essex ,2010-2014,1121,257
Merrimac, Essex ,2011-2015,1018,201
Methuen, Essex ,2005-2009,983,44
Methuen, Essex ,2006-2010,982,28
Methuen, Essex ,2007-2011,972,35
Methuen, Essex ,2008-2012,954,42
Methuen, Essex ,2009-2013,979,36
Methuen, Essex ,2010-2014,991,38
Methuen, Essex ,2011-2015,1009,46
Middleborough, Plymouth ,2005-2009,1052,52
Middleborough, Plymouth ,2006-2010,1022,62
Middleborough, Plymouth ,2007-2011,1047,85
Middleborough, Plymouth ,2008-2012,1033,65
Middleborough, Plymouth ,2009-2013,1040,49
Middleborough, Plymouth ,2010-2014,1029,45
Middleborough, Plymouth ,2011-2015,1004,46
Middlefield, Hampshire ,2005-2009,NA,NA
Middlefield, Hampshire ,2006-2010,NA,NA
Middlefield, Hampshire ,2007-2011,644,50
Middlefield, Hampshire ,2008-2012,587,31
Middlefield, Hampshire ,2009-2013,573,115
Middlefield, Hampshire ,2010-2014,562,102
Middlefield, Hampshire ,2011-2015,547,94
Middlesex County, Massachusetts,2005-2009,1283,12
Middlesex County, Massachusetts,2006-2010,1276,11
Middlesex County, Massachusetts,2007-2011,1273,10
Middlesex County, Massachusetts,2008-2012,1260,9
Middlesex County, Massachusetts,2009-2013,1284,9
Middlesex County, Massachusetts,2010-2014,1297,10
Middlesex County, Massachusetts,2011-2015,1276,9
Middleton, Essex ,2005-2009,859,441
Middleton, Essex ,2006-2010,862,691
Middleton, Essex ,2007-2011,1040,261
Middleton, Essex ,2008-2012,1133,221
Middleton, Essex ,2009-2013,1473,519
Middleton, Essex ,2010-2014,1521,581
Middleton, Essex ,2011-2015,1718,507
Milford, Worcester ,2005-2009,1052,58
Milford, Worcester ,2006-2010,1053,58
Milford, Worcester ,2007-2011,1071,70
Milford, Worcester ,2008-2012,1061,64
Milford, Worcester ,2009-2013,1067,59
Milford, Worcester ,2010-2014,1078,54
Milford, Worcester ,2011-2015,1002,54
Millbury, Worcester ,2005-2009,883,93
Millbury, Worcester ,2006-2010,888,107
Millbury, Worcester ,2007-2011,902,83
Millbury, Worcester ,2008-2012,885,74
Millbury, Worcester ,2009-2013,909,38
Millbury, Worcester ,2010-2014,902,32
Millbury, Worcester ,2011-2015,876,27
Millis, Norfolk ,2005-2009,1177,47
Millis, Norfolk ,2006-2010,1246,74
Millis, Norfolk ,2007-2011,1230,65
Millis, Norfolk ,2008-2012,1123,130
Millis, Norfolk ,2009-2013,1175,82
Millis, Norfolk ,2010-2014,1239,141
Millis, Norfolk ,2011-2015,1176,165
Millville, Worcester ,2005-2009,982,113
Millville, Worcester ,2006-2010,979,38
Millville, Worcester ,2007-2011,960,40
Millville, Worcester ,2008-2012,958,52
Millville, Worcester ,2009-2013,989,95
Millville, Worcester ,2010-2014,1067,243
Millville, Worcester ,2011-2015,925,170
Milton, Norfolk ,2005-2009,1249,312
Milton, Norfolk ,2006-2010,1117,186
Milton, Norfolk ,2007-2011,1200,151
Milton, Norfolk ,2008-2012,1164,132
Milton, Norfolk ,2009-2013,1178,139
Milton, Norfolk ,2010-2014,1254,148
Milton, Norfolk ,2011-2015,1227,126
Monroe, Franklin ,2005-2009,1113,1170
Monroe, Franklin ,2006-2010,NA,NA
Monroe, Franklin ,2007-2011,NA,NA
Monroe, Franklin ,2008-2012,730,403
Monroe, Franklin ,2009-2013,773,278
Monroe, Franklin ,2010-2014,725,114
Monroe, Franklin ,2011-2015,711,162
Monson, Hampden ,2005-2009,619,93
Monson, Hampden ,2006-2010,635,89
Monson, Hampden ,2007-2011,687,94
Monson, Hampden ,2008-2012,773,83
Monson, Hampden ,2009-2013,781,72
Monson, Hampden ,2010-2014,779,37
Monson, Hampden ,2011-2015,750,70
Montague, Franklin ,2005-2009,796,76
Montague, Franklin ,2006-2010,790,87
Montague, Franklin ,2007-2011,765,82
Montague, Franklin ,2008-2012,719,85
Montague, Franklin ,2009-2013,755,150
Montague, Franklin ,2010-2014,674,124
Montague, Franklin ,2011-2015,705,75
Monterey, Berkshire ,2005-2009,1102,371
Monterey, Berkshire ,2006-2010,1469,415
Monterey, Berkshire ,2007-2011,1143,594
Monterey, Berkshire ,2008-2012,895,362
Monterey, Berkshire ,2009-2013,953,600
Monterey, Berkshire ,2010-2014,734,571
Monterey, Berkshire ,2011-2015,720,556
Montgomery, Hampden ,2005-2009,597,252
Montgomery, Hampden ,2006-2010,578,42
Montgomery, Hampden ,2007-2011,562,47
Montgomery, Hampden ,2008-2012,550,34
Montgomery, Hampden ,2009-2013,580,1478
Montgomery, Hampden ,2010-2014,788,679
Montgomery, Hampden ,2011-2015,1027,834
Mount Washington, Berkshire ,2005-2009,1264,164
Mount Washington, Berkshire ,2006-2010,NA,NA
Mount Washington, Berkshire ,2007-2011,NA,NA
Mount Washington, Berkshire ,2008-2012,NA,NA
Mount Washington, Berkshire ,2009-2013,NA,NA
Mount Washington, Berkshire ,2010-2014,NA,NA
Mount Washington, Berkshire ,2011-2015,NA,NA
Nahant, Essex ,2005-2009,1400,124
Nahant, Essex ,2006-2010,1291,135
Nahant, Essex ,2007-2011,1244,79
Nahant, Essex ,2008-2012,1201,61
Nahant, Essex ,2009-2013,1203,56
Nahant, Essex ,2010-2014,1128,76
Nahant, Essex ,2011-2015,1085,74
Nantucket, Nantucket ,2005-2009,1786,383
Nantucket, Nantucket ,2006-2010,1854,220
Nantucket, Nantucket ,2007-2011,1862,178
Nantucket, Nantucket ,2008-2012,1646,222
Nantucket, Nantucket ,2009-2013,1594,228
Nantucket, Nantucket ,2010-2014,1704,191
Nantucket, Nantucket ,2011-2015,1555,288
Nantucket County, Massachusetts,2005-2009,1786,383
Nantucket County, Massachusetts,2006-2010,1854,220
Nantucket County, Massachusetts,2007-2011,1862,178
Nantucket County, Massachusetts,2008-2012,1646,222
Nantucket County, Massachusetts,2009-2013,1594,228
Nantucket County, Massachusetts,2010-2014,1704,191
Nantucket County, Massachusetts,2011-2015,1555,288
Natick, Middlesex ,2005-2009,1330,41
Natick, Middlesex ,2006-2010,1307,36
Natick, Middlesex ,2007-2011,1298,63
Natick, Middlesex ,2008-2012,1261,46
Natick, Middlesex ,2009-2013,1278,41
Natick, Middlesex ,2010-2014,1251,46
Natick, Middlesex ,2011-2015,1242,41
Needham, Norfolk ,2005-2009,1644,102
Needham, Norfolk ,2006-2010,1587,122
Needham, Norfolk ,2007-2011,1467,136
Needham, Norfolk ,2008-2012,1401,154
Needham, Norfolk ,2009-2013,1421,169
Needham, Norfolk ,2010-2014,1434,133
Needham, Norfolk ,2011-2015,1403,109
New Ashford, Berkshire ,2005-2009,978,182
New Ashford, Berkshire ,2006-2010,852,103
New Ashford, Berkshire ,2007-2011,943,142
New Ashford, Berkshire ,2008-2012,998,278
New Ashford, Berkshire ,2009-2013,911,291
New Ashford, Berkshire ,2010-2014,761,139
New Ashford, Berkshire ,2011-2015,764,129
New Bedford, Bristol ,2005-2009,688,24
New Bedford, Bristol ,2006-2010,699,16
New Bedford, Bristol ,2007-2011,710,11
New Bedford, Bristol ,2008-2012,691,10
New Bedford, Bristol ,2009-2013,705,12
New Bedford, Bristol ,2010-2014,697,13
New Bedford, Bristol ,2011-2015,676,11
New Braintree, Worcester ,2005-2009,880,441
New Braintree, Worcester ,2006-2010,956,545
New Braintree, Worcester ,2007-2011,934,536
New Braintree, Worcester ,2008-2012,936,474
New Braintree, Worcester ,2009-2013,847,358
New Braintree, Worcester ,2010-2014,836,627
New Braintree, Worcester ,2011-2015,838,530
New Marlborough, Berkshire ,2005-2009,953,222
New Marlborough, Berkshire ,2006-2010,1050,93
New Marlborough, Berkshire ,2007-2011,1013,105
New Marlborough, Berkshire ,2008-2012,1046,99
New Marlborough, Berkshire ,2009-2013,1057,72
New Marlborough, Berkshire ,2010-2014,1026,84
New Marlborough, Berkshire ,2011-2015,970,109
New Salem, Franklin ,2005-2009,926,430
New Salem, Franklin ,2006-2010,1372,524
New Salem, Franklin ,2007-2011,1429,377
New Salem, Franklin ,2008-2012,1285,551
New Salem, Franklin ,2009-2013,1341,529
New Salem, Franklin ,2010-2014,1104,471
New Salem, Franklin ,2011-2015,817,112
Newbury, Essex ,2005-2009,1192,146
Newbury, Essex ,2006-2010,1227,172
Newbury, Essex ,2007-2011,1180,179
Newbury, Essex ,2008-2012,1114,163
Newbury, Essex ,2009-2013,1053,182
Newbury, Essex ,2010-2014,1083,229
Newbury, Essex ,2011-2015,1217,175
Newburyport, Essex ,2005-2009,1170,80
Newburyport, Essex ,2006-2010,1120,88
Newburyport, Essex ,2007-2011,1070,62
Newburyport, Essex ,2008-2012,1081,113
Newburyport, Essex ,2009-2013,1075,103
Newburyport, Essex ,2010-2014,1055,92
Newburyport, Essex ,2011-2015,1063,109
Newton, Middlesex ,2005-2009,1621,45
Newton, Middlesex ,2006-2010,1635,43
Newton, Middlesex ,2007-2011,1639,45
Newton, Middlesex ,2008-2012,1588,48
Newton, Middlesex ,2009-2013,1645,57
Newton, Middlesex ,2010-2014,1650,57
Newton, Middlesex ,2011-2015,1643,50
Norfolk, Norfolk ,2005-2009,359,209
Norfolk, Norfolk ,2006-2010,500,542
Norfolk, Norfolk ,2007-2011,696,535
Norfolk, Norfolk ,2008-2012,882,531
Norfolk, Norfolk ,2009-2013,938,209
Norfolk, Norfolk ,2010-2014,1203,520
Norfolk, Norfolk ,2011-2015,956,406
Norfolk County, Massachusetts,2005-2009,1315,22
Norfolk County, Massachusetts,2006-2010,1296,15
Norfolk County, Massachusetts,2007-2011,1284,17
Norfolk County, Massachusetts,2008-2012,1264,14
Norfolk County, Massachusetts,2009-2013,1285,17
Norfolk County, Massachusetts,2010-2014,1299,16
Norfolk County, Massachusetts,2011-2015,1282,17
North Adams, Berkshire ,2005-2009,610,34
North Adams, Berkshire ,2006-2010,607,38
North Adams, Berkshire ,2007-2011,608,29
North Adams, Berkshire ,2008-2012,602,36
North Adams, Berkshire ,2009-2013,636,49
North Adams, Berkshire ,2010-2014,618,49
North Adams, Berkshire ,2011-2015,586,40
North Andover, Essex ,2005-2009,1266,97
North Andover, Essex ,2006-2010,1283,76
North Andover, Essex ,2007-2011,1352,98
North Andover, Essex ,2008-2012,1298,90
North Andover, Essex ,2009-2013,1289,101
North Andover, Essex ,2010-2014,1272,79
North Andover, Essex ,2011-2015,1235,100
North Attleborough, Bristol ,2005-2009,1042,76
North Attleborough, Bristol ,2006-2010,1036,61
North Attleborough, Bristol ,2007-2011,964,61
North Attleborough, Bristol ,2008-2012,962,46
North Attleborough, Bristol ,2009-2013,961,39
North Attleborough, Bristol ,2010-2014,927,42
North Attleborough, Bristol ,2011-2015,868,46
North Brookfield, Worcester ,2005-2009,785,78
North Brookfield, Worcester ,2006-2010,772,55
North Brookfield, Worcester ,2007-2011,766,118
North Brookfield, Worcester ,2008-2012,723,215
North Brookfield, Worcester ,2009-2013,759,106
North Brookfield, Worcester ,2010-2014,680,133
North Brookfield, Worcester ,2011-2015,748,163
North Reading, Middlesex ,2005-2009,1332,421
North Reading, Middlesex ,2006-2010,1327,175
North Reading, Middlesex ,2007-2011,1338,129
North Reading, Middlesex ,2008-2012,1354,146
North Reading, Middlesex ,2009-2013,1432,200
North Reading, Middlesex ,2010-2014,1425,255
North Reading, Middlesex ,2011-2015,1477,447
Northampton, Hampshire ,2005-2009,915,34
Northampton, Hampshire ,2006-2010,885,34
Northampton, Hampshire ,2007-2011,901,35
Northampton, Hampshire ,2008-2012,920,37
Northampton, Hampshire ,2009-2013,970,43
Northampton, Hampshire ,2010-2014,951,46
Northampton, Hampshire ,2011-2015,928,38
Northborough, Worcester ,2005-2009,966,110
Northborough, Worcester ,2006-2010,979,135
Northborough, Worcester ,2007-2011,1045,137
Northborough, Worcester ,2008-2012,1079,87
Northborough, Worcester ,2009-2013,1199,91
Northborough, Worcester ,2010-2014,1252,75
Northborough, Worcester ,2011-2015,1196,61
Northbridge, Worcester ,2005-2009,908,86
Northbridge, Worcester ,2006-2010,845,49
Northbridge, Worcester ,2007-2011,818,41
Northbridge, Worcester ,2008-2012,812,63
Northbridge, Worcester ,2009-2013,845,87
Northbridge, Worcester ,2010-2014,809,79
Northbridge, Worcester ,2011-2015,836,77
Northfield, Franklin ,2005-2009,865,113
Northfield, Franklin ,2006-2010,896,132
Northfield, Franklin ,2007-2011,684,289
Northfield, Franklin ,2008-2012,718,231
Northfield, Franklin ,2009-2013,655,157
Northfield, Franklin ,2010-2014,722,85
Northfield, Franklin ,2011-2015,712,80
Norton, Bristol ,2005-2009,1013,183
Norton, Bristol ,2006-2010,1011,186
Norton, Bristol ,2007-2011,998,157
Norton, Bristol ,2008-2012,904,117
Norton, Bristol ,2009-2013,935,70
Norton, Bristol ,2010-2014,972,66
Norton, Bristol ,2011-2015,975,102
Norwell, Plymouth ,2005-2009,1268,512
Norwell, Plymouth ,2006-2010,1299,561
Norwell, Plymouth ,2007-2011,1424,485
Norwell, Plymouth ,2008-2012,1191,690
Norwell, Plymouth ,2009-2013,1372,616
Norwell, Plymouth ,2010-2014,1043,876
Norwood, Norfolk ,2005-2009,1347,55
Norwood, Norfolk ,2006-2010,1333,47
Norwood, Norfolk ,2007-2011,1276,70
Norwood, Norfolk ,2008-2012,1220,55
Norwood, Norfolk ,2009-2013,1194,56
Norwood, Norfolk ,2010-2014,1216,59
Norwood, Norfolk ,2011-2015,1212,60
Oak Bluffs, Dukes ,2005-2009,1195,547
Oak Bluffs, Dukes ,2006-2010,906,300
Oak Bluffs, Dukes ,2007-2011,828,474
Oak Bluffs, Dukes ,2008-2012,1060,614
Oak Bluffs, Dukes ,2009-2013,1151,380
Oak Bluffs, Dukes ,2010-2014,1405,251
Oak Bluffs, Dukes ,2011-2015,1447,333
Oakham, Worcester ,2005-2009,783,533
Oakham, Worcester ,2006-2010,742,409
Oakham, Worcester ,2007-2011,722,174
Oakham, Worcester ,2008-2012,675,395
Oakham, Worcester ,2009-2013,718,394
Oakham, Worcester ,2010-2014,842,397
Oakham, Worcester ,2011-2015,857,464
Orange, Franklin ,2005-2009,638,93
Orange, Franklin ,2006-2010,629,161
Orange, Franklin ,2007-2011,726,190
Orange, Franklin ,2008-2012,717,177
Orange, Franklin ,2009-2013,648,152
Orange, Franklin ,2010-2014,612,108
Orange, Franklin ,2011-2015,627,114
Orleans, Barnstable ,2005-2009,773,241
Orleans, Barnstable ,2006-2010,781,78
Orleans, Barnstable ,2007-2011,776,29
Orleans, Barnstable ,2008-2012,762,143
Orleans, Barnstable ,2009-2013,768,128
Orleans, Barnstable ,2010-2014,828,95
Orleans, Barnstable ,2011-2015,755,183
Otis, Berkshire ,2005-2009,814,32
Otis, Berkshire ,2006-2010,786,540
Otis, Berkshire ,2007-2011,838,694
Otis, Berkshire ,2008-2012,791,144
Otis, Berkshire ,2009-2013,650,230
Otis, Berkshire ,2010-2014,616,37
Otis, Berkshire ,2011-2015,595,27
Oxford, Worcester ,2005-2009,788,39
Oxford, Worcester ,2006-2010,765,56
Oxford, Worcester ,2007-2011,786,61
Oxford, Worcester ,2008-2012,740,79
Oxford, Worcester ,2009-2013,757,82
Oxford, Worcester ,2010-2014,781,73
Oxford, Worcester ,2011-2015,792,102
Palmer, Hampden ,2005-2009,650,25
Palmer, Hampden ,2006-2010,667,75
Palmer, Hampden ,2007-2011,722,63
Palmer, Hampden ,2008-2012,680,43
Palmer, Hampden ,2009-2013,729,64
Palmer, Hampden ,2010-2014,725,61
Palmer, Hampden ,2011-2015,692,59
Paxton, Worcester ,2005-2009,647,165
Paxton, Worcester ,2006-2010,690,257
Paxton, Worcester ,2007-2011,666,19
Paxton, Worcester ,2008-2012,860,2696
Paxton, Worcester ,2009-2013,NA,NA
Paxton, Worcester ,2010-2014,901,655
Peabody, Essex ,2005-2009,1217,64
Peabody, Essex ,2006-2010,1224,49
Peabody, Essex ,2007-2011,1234,48
Peabody, Essex ,2008-2012,1219,36
Peabody, Essex ,2009-2013,1236,38
Peabody, Essex ,2010-2014,1221,34
Peabody, Essex ,2011-2015,1179,42
Pelham, Hampshire ,2005-2009,991,211
Pelham, Hampshire ,2006-2010,940,185
Pelham, Hampshire ,2007-2011,901,105
Pelham, Hampshire ,2008-2012,941,153
Pelham, Hampshire ,2009-2013,1156,200
Pelham, Hampshire ,2010-2014,1100,280
Pelham, Hampshire ,2011-2015,1038,235
Pembroke, Plymouth ,2005-2009,866,358
Pembroke, Plymouth ,2006-2010,1150,248
Pembroke, Plymouth ,2007-2011,1223,351
Pembroke, Plymouth ,2008-2012,1243,262
Pembroke, Plymouth ,2009-2013,1416,122
Pembroke, Plymouth ,2010-2014,1380,197
Pembroke, Plymouth ,2011-2015,1401,120
Pepperell, Middlesex ,2005-2009,904,95
Pepperell, Middlesex ,2006-2010,965,192
Pepperell, Middlesex ,2007-2011,1041,189
Pepperell, Middlesex ,2008-2012,1101,142
Pepperell, Middlesex ,2009-2013,1109,169
Pepperell, Middlesex ,2010-2014,1099,159
Pepperell, Middlesex ,2011-2015,940,96
Peru, Berkshire ,2005-2009,235,136
Peru, Berkshire ,2006-2010,482,277
Peru, Berkshire ,2007-2011,486,293
Peru, Berkshire ,2008-2012,474,284
Peru, Berkshire ,2009-2013,490,326
Peru, Berkshire ,2010-2014,571,325
Peru, Berkshire ,2011-2015,667,248
Petersham, Worcester ,2005-2009,661,285
Petersham, Worcester ,2006-2010,689,176
Petersham, Worcester ,2007-2011,791,198
Petersham, Worcester ,2008-2012,688,201
Petersham, Worcester ,2009-2013,755,279
Petersham, Worcester ,2010-2014,903,179
Petersham, Worcester ,2011-2015,700,177
Phillipston, Worcester ,2005-2009,835,481
Phillipston, Worcester ,2006-2010,838,407
Phillipston, Worcester ,2007-2011,772,158
Phillipston, Worcester ,2008-2012,743,122
Phillipston, Worcester ,2009-2013,NA,NA
Phillipston, Worcester ,2010-2014,894,53
Phillipston, Worcester ,2011-2015,955,86
Pittsfield, Berkshire ,2005-2009,678,35
Pittsfield, Berkshire ,2006-2010,688,32
Pittsfield, Berkshire ,2007-2011,703,33
Pittsfield, Berkshire ,2008-2012,689,24
Pittsfield, Berkshire ,2009-2013,704,24
Pittsfield, Berkshire ,2010-2014,688,21
Pittsfield, Berkshire ,2011-2015,690,22
Plainfield, Hampshire ,2005-2009,801,263
Plainfield, Hampshire ,2006-2010,888,493
Plainfield, Hampshire ,2007-2011,869,511
Plainfield, Hampshire ,2008-2012,578,233
Plainfield, Hampshire ,2009-2013,626,321
Plainfield, Hampshire ,2010-2014,612,142
Plainfield, Hampshire ,2011-2015,579,73
Plainville, Norfolk ,2005-2009,1177,76
Plainville, Norfolk ,2006-2010,1129,118
Plainville, Norfolk ,2007-2011,1169,142
Plainville, Norfolk ,2008-2012,1080,119
Plainville, Norfolk ,2009-2013,1101,113
Plainville, Norfolk ,2010-2014,1084,104
Plainville, Norfolk ,2011-2015,1118,93
Plymouth, Plymouth ,2005-2009,1192,81
Plymouth, Plymouth ,2006-2010,1171,82
Plymouth, Plymouth ,2007-2011,1217,62
Plymouth, Plymouth ,2008-2012,1181,52
Plymouth, Plymouth ,2009-2013,1228,45
Plymouth, Plymouth ,2010-2014,1225,41
Plymouth, Plymouth ,2011-2015,1216,40
Plymouth County, Massachusetts,2005-2009,1073,21
Plymouth County, Massachusetts,2006-2010,1069,20
Plymouth County, Massachusetts,2007-2011,1081,22
Plymouth County, Massachusetts,2008-2012,1062,20
Plymouth County, Massachusetts,2009-2013,1088,19
Plymouth County, Massachusetts,2010-2014,1083,17
Plymouth County, Massachusetts,2011-2015,1060,16
Plympton, Plymouth ,2005-2009,862,985
Plympton, Plymouth ,2006-2010,1200,1158
Plympton, Plymouth ,2007-2011,734,960
Plympton, Plymouth ,2008-2012,633,292
Plympton, Plymouth ,2009-2013,687,77
Plympton, Plymouth ,2010-2014,676,80
Plympton, Plymouth ,2011-2015,720,502
Princeton, Worcester ,2005-2009,1048,49
Princeton, Worcester ,2006-2010,1143,663
Princeton, Worcester ,2007-2011,1084,210
Princeton, Worcester ,2008-2012,988,83
Princeton, Worcester ,2009-2013,929,23
Princeton, Worcester ,2010-2014,914,26
Princeton, Worcester ,2011-2015,885,23
Provincetown, Barnstable ,2005-2009,1008,89
Provincetown, Barnstable ,2006-2010,968,136
Provincetown, Barnstable ,2007-2011,922,120
Provincetown, Barnstable ,2008-2012,942,151
Provincetown, Barnstable ,2009-2013,949,84
Provincetown, Barnstable ,2010-2014,979,86
Provincetown, Barnstable ,2011-2015,971,65
Quincy, Norfolk ,2005-2009,1207,30
Quincy, Norfolk ,2006-2010,1204,32
Quincy, Norfolk ,2007-2011,1210,27
Quincy, Norfolk ,2008-2012,1200,25
Quincy, Norfolk ,2009-2013,1225,22
Quincy, Norfolk ,2010-2014,1239,21
Quincy, Norfolk ,2011-2015,1219,23
Randolph, Norfolk ,2005-2009,1274,87
Randolph, Norfolk ,2006-2010,1193,150
Randolph, Norfolk ,2007-2011,1194,85
Randolph, Norfolk ,2008-2012,1211,85
Randolph, Norfolk ,2009-2013,1228,128
Randolph, Norfolk ,2010-2014,1251,137
Randolph, Norfolk ,2011-2015,1280,119
Raynham, Bristol ,2005-2009,1279,84
Raynham, Bristol ,2006-2010,1272,68
Raynham, Bristol ,2007-2011,1274,123
Raynham, Bristol ,2008-2012,1270,100
Raynham, Bristol ,2009-2013,1330,146
Raynham, Bristol ,2010-2014,1264,110
Raynham, Bristol ,2011-2015,1257,77
Reading, Middlesex ,2005-2009,1076,192
Reading, Middlesex ,2006-2010,1136,187
Reading, Middlesex ,2007-2011,1239,119
Reading, Middlesex ,2008-2012,1293,119
Reading, Middlesex ,2009-2013,1340,133
Reading, Middlesex ,2010-2014,1255,129
Reading, Middlesex ,2011-2015,1235,111
Rehoboth, Bristol ,2005-2009,1120,250
Rehoboth, Bristol ,2006-2010,1169,222
Rehoboth, Bristol ,2007-2011,1084,178
Rehoboth, Bristol ,2008-2012,904,276
Rehoboth, Bristol ,2009-2013,988,342
Rehoboth, Bristol ,2010-2014,904,198
Rehoboth, Bristol ,2011-2015,851,98
Revere, Suffolk ,2005-2009,1127,42
Revere, Suffolk ,2006-2010,1172,40
Revere, Suffolk ,2007-2011,1176,40
Revere, Suffolk ,2008-2012,1155,40
Revere, Suffolk ,2009-2013,1170,46
Revere, Suffolk ,2010-2014,1181,30
Revere, Suffolk ,2011-2015,1146,30
Richmond, Berkshire ,2005-2009,950,339
Richmond, Berkshire ,2006-2010,872,406
Richmond, Berkshire ,2007-2011,966,318
Richmond, Berkshire ,2008-2012,926,34
Richmond, Berkshire ,2009-2013,915,92
Richmond, Berkshire ,2010-2014,1098,323
Richmond, Berkshire ,2011-2015,1098,268
Rochester, Plymouth ,2005-2009,767,919
Rochester, Plymouth ,2006-2010,751,1633
Rochester, Plymouth ,2007-2011,1841,1803
Rochester, Plymouth ,2008-2012,1542,724
Rochester, Plymouth ,2009-2013,945,835
Rochester, Plymouth ,2010-2014,955,585
Rochester, Plymouth ,2011-2015,1185,418
Rockland, Plymouth ,2005-2009,1131,143
Rockland, Plymouth ,2006-2010,1005,60
Rockland, Plymouth ,2007-2011,1064,66
Rockland, Plymouth ,2008-2012,1046,85
Rockland, Plymouth ,2009-2013,1089,71
Rockland, Plymouth ,2010-2014,1091,115
Rockland, Plymouth ,2011-2015,1108,100
Rockport, Essex ,2005-2009,971,90
Rockport, Essex ,2006-2010,1010,170
Rockport, Essex ,2007-2011,1047,149
Rockport, Essex ,2008-2012,993,118
Rockport, Essex ,2009-2013,948,136
Rockport, Essex ,2010-2014,956,148
Rockport, Essex ,2011-2015,929,90
Rowe, Franklin ,2005-2009,1031,197
Rowe, Franklin ,2006-2010,922,36
Rowe, Franklin ,2007-2011,910,91
Rowe, Franklin ,2008-2012,876,107
Rowe, Franklin ,2009-2013,979,72
Rowe, Franklin ,2010-2014,955,96
Rowe, Franklin ,2011-2015,957,163
Rowley, Essex ,2005-2009,1133,140
Rowley, Essex ,2006-2010,1225,187
Rowley, Essex ,2007-2011,1200,168
Rowley, Essex ,2008-2012,1139,254
Rowley, Essex ,2009-2013,1299,499
Rowley, Essex ,2010-2014,1306,811
Rowley, Essex ,2011-2015,1020,842
Royalston, Worcester ,2005-2009,902,39
Royalston, Worcester ,2006-2010,852,410
Royalston, Worcester ,2007-2011,613,42
Royalston, Worcester ,2008-2012,600,356
Royalston, Worcester ,2009-2013,851,219
Royalston, Worcester ,2010-2014,806,527
Royalston, Worcester ,2011-2015,918,114
Russell, Hampden ,2005-2009,659,155
Russell, Hampden ,2006-2010,816,255
Russell, Hampden ,2007-2011,805,138
Russell, Hampden ,2008-2012,817,106
Russell, Hampden ,2009-2013,815,154
Russell, Hampden ,2010-2014,854,95
Russell, Hampden ,2011-2015,832,341
Rutland, Worcester ,2005-2009,927,235
Rutland, Worcester ,2006-2010,944,112
Rutland, Worcester ,2007-2011,804,331
Rutland, Worcester ,2008-2012,670,237
Rutland, Worcester ,2009-2013,827,257
Rutland, Worcester ,2010-2014,872,188
Rutland, Worcester ,2011-2015,825,73
Salem, Essex ,2005-2009,1115,39
Salem, Essex ,2006-2010,1086,43
Salem, Essex ,2007-2011,1072,29
Salem, Essex ,2008-2012,1053,33
Salem, Essex ,2009-2013,1045,24
Salem, Essex ,2010-2014,1050,34
Salem, Essex ,2011-2015,1022,31
Salisbury, Essex ,2005-2009,1005,57
Salisbury, Essex ,2006-2010,1006,73
Salisbury, Essex ,2007-2011,973,99
Salisbury, Essex ,2008-2012,927,66
Salisbury, Essex ,2009-2013,969,57
Salisbury, Essex ,2010-2014,977,76
Salisbury, Essex ,2011-2015,929,45
Sandisfield, Berkshire ,2005-2009,805,47
Sandisfield, Berkshire ,2006-2010,705,229
Sandisfield, Berkshire ,2007-2011,829,211
Sandisfield, Berkshire ,2008-2012,688,262
Sandisfield, Berkshire ,2009-2013,669,241
Sandisfield, Berkshire ,2010-2014,677,157
Sandisfield, Berkshire ,2011-2015,681,290
Sandwich, Barnstable ,2005-2009,1173,195
Sandwich, Barnstable ,2006-2010,1250,148
Sandwich, Barnstable ,2007-2011,1167,187
Sandwich, Barnstable ,2008-2012,1241,190
Sandwich, Barnstable ,2009-2013,1275,104
Sandwich, Barnstable ,2010-2014,1250,125
Sandwich, Barnstable ,2011-2015,1231,91
Saugus, Essex ,2005-2009,1153,165
Saugus, Essex ,2006-2010,1142,125
Saugus, Essex ,2007-2011,1074,79
Saugus, Essex ,2008-2012,1044,86
Saugus, Essex ,2009-2013,1082,113
Saugus, Essex ,2010-2014,1118,154
Saugus, Essex ,2011-2015,1060,211
Savoy, Berkshire ,2005-2009,580,63
Savoy, Berkshire ,2006-2010,578,43
Savoy, Berkshire ,2007-2011,582,62
Savoy, Berkshire ,2008-2012,578,53
Savoy, Berkshire ,2009-2013,587,197
Savoy, Berkshire ,2010-2014,652,288
Savoy, Berkshire ,2011-2015,572,302
Scituate, Plymouth ,2005-2009,1050,152
Scituate, Plymouth ,2006-2010,1082,219
Scituate, Plymouth ,2007-2011,1010,170
Scituate, Plymouth ,2008-2012,961,107
Scituate, Plymouth ,2009-2013,973,263
Scituate, Plymouth ,2010-2014,990,162
Scituate, Plymouth ,2011-2015,1013,238
Seekonk, Bristol ,2005-2009,1033,63
Seekonk, Bristol ,2006-2010,1067,159
Seekonk, Bristol ,2007-2011,1009,98
Seekonk, Bristol ,2008-2012,1019,119
Seekonk, Bristol ,2009-2013,1094,421
Seekonk, Bristol ,2010-2014,969,325
Seekonk, Bristol ,2011-2015,928,291
Sharon, Norfolk ,2005-2009,1146,177
Sharon, Norfolk ,2006-2010,1194,176
Sharon, Norfolk ,2007-2011,1327,174
Sharon, Norfolk ,2008-2012,1330,174
Sharon, Norfolk ,2009-2013,1643,192
Sharon, Norfolk ,2010-2014,1548,200
Sharon, Norfolk ,2011-2015,1541,188
Sheffield, Berkshire ,2005-2009,835,459
Sheffield, Berkshire ,2006-2010,543,294
Sheffield, Berkshire ,2007-2011,772,413
Sheffield, Berkshire ,2008-2012,856,107
Sheffield, Berkshire ,2009-2013,872,104
Sheffield, Berkshire ,2010-2014,834,122
Sheffield, Berkshire ,2011-2015,827,139
Shelburne, Franklin ,2005-2009,886,35
Shelburne, Franklin ,2006-2010,862,125
Shelburne, Franklin ,2007-2011,920,86
Shelburne, Franklin ,2008-2012,864,73
Shelburne, Franklin ,2009-2013,855,62
Shelburne, Franklin ,2010-2014,777,62
Shelburne, Franklin ,2011-2015,746,73
Sherborn, Middlesex ,2005-2009,1015,602
Sherborn, Middlesex ,2006-2010,1574,1224
Sherborn, Middlesex ,2007-2011,2060,674
Sherborn, Middlesex ,2008-2012,2052,656
Sherborn, Middlesex ,2009-2013,1681,743
Sherborn, Middlesex ,2010-2014,1556,689
Sherborn, Middlesex ,2011-2015,1272,307
Shirley, Middlesex ,2005-2009,1068,181
Shirley, Middlesex ,2006-2010,1092,257
Shirley, Middlesex ,2007-2011,1168,352
Shirley, Middlesex ,2008-2012,1159,231
Shirley, Middlesex ,2009-2013,1098,266
Shirley, Middlesex ,2010-2014,1090,217
Shirley, Middlesex ,2011-2015,915,141
Shrewsbury, Worcester ,2005-2009,1234,72
Shrewsbury, Worcester ,2006-2010,1220,52
Shrewsbury, Worcester ,2007-2011,1181,56
Shrewsbury, Worcester ,2008-2012,1162,56
Shrewsbury, Worcester ,2009-2013,1153,72
Shrewsbury, Worcester ,2010-2014,1193,68
Shrewsbury, Worcester ,2011-2015,1128,71
Shutesbury, Franklin ,2005-2009,906,244
Shutesbury, Franklin ,2006-2010,975,159
Shutesbury, Franklin ,2007-2011,1025,159
Shutesbury, Franklin ,2008-2012,1049,56
Shutesbury, Franklin ,2009-2013,1079,70
Shutesbury, Franklin ,2010-2014,1087,95
Shutesbury, Franklin ,2011-2015,1105,159
Somerset, Bristol ,2005-2009,877,46
Somerset, Bristol ,2006-2010,884,49
Somerset, Bristol ,2007-2011,878,38
Somerset, Bristol ,2008-2012,903,35
Somerset, Bristol ,2009-2013,942,24
Somerset, Bristol ,2010-2014,922,27
Somerset, Bristol ,2011-2015,907,33
Somerville, Middlesex ,2005-2009,1381,32
Somerville, Middlesex ,2006-2010,1381,31
Somerville, Middlesex ,2007-2011,1399,31
Somerville, Middlesex ,2008-2012,1375,23
Somerville, Middlesex ,2009-2013,1413,33
Somerville, Middlesex ,2010-2014,1448,29
Somerville, Middlesex ,2011-2015,1446,24
South Hadley, Hampshire ,2005-2009,832,30
South Hadley, Hampshire ,2006-2010,837,92
South Hadley, Hampshire ,2007-2011,802,45
South Hadley, Hampshire ,2008-2012,755,22
South Hadley, Hampshire ,2009-2013,805,31
South Hadley, Hampshire ,2010-2014,864,67
South Hadley, Hampshire ,2011-2015,859,43
Southampton, Hampshire ,2005-2009,989,228
Southampton, Hampshire ,2006-2010,1015,635
Southampton, Hampshire ,2007-2011,1008,562
Southampton, Hampshire ,2008-2012,979,361
Southampton, Hampshire ,2009-2013,1047,578
Southampton, Hampshire ,2010-2014,918,78
Southampton, Hampshire ,2011-2015,902,56
Southborough, Worcester ,2005-2009,886,240
Southborough, Worcester ,2006-2010,1223,404
Southborough, Worcester ,2007-2011,1237,168
Southborough, Worcester ,2008-2012,1249,124
Southborough, Worcester ,2009-2013,1336,175
Southborough, Worcester ,2010-2014,1209,315
Southborough, Worcester ,2011-2015,1060,391
Southbridge, Worcester ,2005-2009,782,29
Southbridge, Worcester ,2006-2010,802,53
Southbridge, Worcester ,2007-2011,801,39
Southbridge, Worcester ,2008-2012,776,29
Southbridge, Worcester ,2009-2013,793,24
Southbridge, Worcester ,2010-2014,778,29
Southbridge, Worcester ,2011-2015,758,21
Southwick, Hampden ,2005-2009,841,104
Southwick, Hampden ,2006-2010,823,56
Southwick, Hampden ,2007-2011,815,57
Southwick, Hampden ,2008-2012,831,107
Southwick, Hampden ,2009-2013,846,46
Southwick, Hampden ,2010-2014,838,51
Southwick, Hampden ,2011-2015,861,89
Spencer, Worcester ,2005-2009,774,55
Spencer, Worcester ,2006-2010,797,34
Spencer, Worcester ,2007-2011,782,34
Spencer, Worcester ,2008-2012,751,42
Spencer, Worcester ,2009-2013,768,83
Spencer, Worcester ,2010-2014,767,79
Spencer, Worcester ,2011-2015,700,73
Springfield, Hampden ,2005-2009,718,19
Springfield, Hampden ,2006-2010,725,13
Springfield, Hampden ,2007-2011,724,15
Springfield, Hampden ,2008-2012,706,18
Springfield, Hampden ,2009-2013,736,18
Springfield, Hampden ,2010-2014,739,18
Springfield, Hampden ,2011-2015,723,20
Sterling, Worcester ,2005-2009,1030,47
Sterling, Worcester ,2006-2010,982,76
Sterling, Worcester ,2007-2011,978,75
Sterling, Worcester ,2008-2012,966,89
Sterling, Worcester ,2009-2013,1152,240
Sterling, Worcester ,2010-2014,1123,158
Sterling, Worcester ,2011-2015,1107,143
Stockbridge, Berkshire ,2005-2009,943,177
Stockbridge, Berkshire ,2006-2010,945,166
Stockbridge, Berkshire ,2007-2011,904,265
Stockbridge, Berkshire ,2008-2012,862,190
Stockbridge, Berkshire ,2009-2013,912,99
Stockbridge, Berkshire ,2010-2014,931,86
Stockbridge, Berkshire ,2011-2015,920,139
Stoneham, Middlesex ,2005-2009,1279,84
Stoneham, Middlesex ,2006-2010,1271,52
Stoneham, Middlesex ,2007-2011,1231,65
Stoneham, Middlesex ,2008-2012,1208,53
Stoneham, Middlesex ,2009-2013,1260,46
Stoneham, Middlesex ,2010-2014,1246,66
Stoneham, Middlesex ,2011-2015,1245,68
Stoughton, Norfolk ,2005-2009,1203,89
Stoughton, Norfolk ,2006-2010,1178,105
Stoughton, Norfolk ,2007-2011,1127,133
Stoughton, Norfolk ,2008-2012,1088,112
Stoughton, Norfolk ,2009-2013,1164,68
Stoughton, Norfolk ,2010-2014,1138,63
Stoughton, Norfolk ,2011-2015,1133,59
Stow, Middlesex ,2005-2009,1837,391
Stow, Middlesex ,2006-2010,1667,348
Stow, Middlesex ,2007-2011,1425,280
Stow, Middlesex ,2008-2012,1544,219
Stow, Middlesex ,2009-2013,1504,399
Stow, Middlesex ,2010-2014,1394,480
Stow, Middlesex ,2011-2015,1462,354
Sturbridge, Worcester ,2005-2009,701,541
Sturbridge, Worcester ,2006-2010,966,143
Sturbridge, Worcester ,2007-2011,727,468
Sturbridge, Worcester ,2008-2012,706,564
Sturbridge, Worcester ,2009-2013,772,464
Sturbridge, Worcester ,2010-2014,748,348
Sturbridge, Worcester ,2011-2015,701,153
Sudbury, Middlesex ,2005-2009,346,225
Sudbury, Middlesex ,2006-2010,347,391
Sudbury, Middlesex ,2007-2011,393,801
Sudbury, Middlesex ,2008-2012,536,309
Sudbury, Middlesex ,2009-2013,581,285
Sudbury, Middlesex ,2010-2014,536,196
Sudbury, Middlesex ,2011-2015,494,117
Suffolk County, Massachusetts,2005-2009,1224,16
Suffolk County, Massachusetts,2006-2010,1240,13
Suffolk County, Massachusetts,2007-2011,1246,11
Suffolk County, Massachusetts,2008-2012,1236,12
Suffolk County, Massachusetts,2009-2013,1254,10
Suffolk County, Massachusetts,2010-2014,1253,10
Suffolk County, Massachusetts,2011-2015,1230,11
Sunderland, Franklin ,2005-2009,1161,70
Sunderland, Franklin ,2006-2010,1171,60
Sunderland, Franklin ,2007-2011,1153,55
Sunderland, Franklin ,2008-2012,1126,59
Sunderland, Franklin ,2009-2013,1160,83
Sunderland, Franklin ,2010-2014,1188,88
Sunderland, Franklin ,2011-2015,1168,96
Sutton, Worcester ,2005-2009,829,129
Sutton, Worcester ,2006-2010,853,49
Sutton, Worcester ,2007-2011,846,63
Sutton, Worcester ,2008-2012,851,114
Sutton, Worcester ,2009-2013,837,95
Sutton, Worcester ,2010-2014,818,90
Sutton, Worcester ,2011-2015,769,71
Swampscott, Essex ,2005-2009,1251,167
Swampscott, Essex ,2006-2010,1374,95
Swampscott, Essex ,2007-2011,1380,115
Swampscott, Essex ,2008-2012,1308,90
Swampscott, Essex ,2009-2013,1267,94
Swampscott, Essex ,2010-2014,1256,112
Swampscott, Essex ,2011-2015,1231,136
Swansea, Bristol ,2005-2009,831,124
Swansea, Bristol ,2006-2010,890,167
Swansea, Bristol ,2007-2011,905,151
Swansea, Bristol ,2008-2012,810,157
Swansea, Bristol ,2009-2013,800,23
Swansea, Bristol ,2010-2014,812,93
Swansea, Bristol ,2011-2015,848,130
Taunton, Bristol ,2005-2009,936,32
Taunton, Bristol ,2006-2010,913,22
Taunton, Bristol ,2007-2011,895,34
Taunton, Bristol ,2008-2012,854,33
Taunton, Bristol ,2009-2013,866,53
Taunton, Bristol ,2010-2014,875,26
Taunton, Bristol ,2011-2015,861,21
Templeton, Worcester ,2005-2009,723,285
Templeton, Worcester ,2006-2010,751,283
Templeton, Worcester ,2007-2011,832,277
Templeton, Worcester ,2008-2012,875,194
Templeton, Worcester ,2009-2013,871,125
Templeton, Worcester ,2010-2014,573,314
Templeton, Worcester ,2011-2015,817,362
Tewksbury, Middlesex ,2005-2009,1212,155
Tewksbury, Middlesex ,2006-2010,1280,125
Tewksbury, Middlesex ,2007-2011,1311,82
Tewksbury, Middlesex ,2008-2012,1298,89
Tewksbury, Middlesex ,2009-2013,1357,128
Tewksbury, Middlesex ,2010-2014,1472,107
Tewksbury, Middlesex ,2011-2015,1468,91
Tisbury, Dukes ,2005-2009,1580,837
Tisbury, Dukes ,2006-2010,1254,507
Tisbury, Dukes ,2007-2011,1303,489
Tisbury, Dukes ,2008-2012,1203,275
Tisbury, Dukes ,2009-2013,1141,203
Tisbury, Dukes ,2010-2014,1230,193
Tisbury, Dukes ,2011-2015,1144,142
Tolland, Hampden ,2005-2009,1053,70
Tolland, Hampden ,2006-2010,1026,193
Tolland, Hampden ,2007-2011,1086,453
Tolland, Hampden ,2008-2012,1147,278
Tolland, Hampden ,2009-2013,NA,NA
Tolland, Hampden ,2010-2014,897,458
Tolland, Hampden ,2011-2015,861,349
Topsfield, Essex ,2005-2009,476,427
Topsfield, Essex ,2006-2010,598,488
Topsfield, Essex ,2007-2011,434,162
Topsfield, Essex ,2008-2012,920,865
Topsfield, Essex ,2009-2013,946,1056
Topsfield, Essex ,2010-2014,963,871
Townsend, Middlesex ,2005-2009,919,56
Townsend, Middlesex ,2006-2010,875,56
Townsend, Middlesex ,2007-2011,896,106
Townsend, Middlesex ,2008-2012,798,62
Townsend, Middlesex ,2009-2013,850,60
Townsend, Middlesex ,2010-2014,799,57
Townsend, Middlesex ,2011-2015,782,41
Truro, Barnstable ,2005-2009,988,187
Truro, Barnstable ,2006-2010,821,277
Truro, Barnstable ,2007-2011,797,311
Truro, Barnstable ,2008-2012,796,286
Truro, Barnstable ,2009-2013,853,327
Truro, Barnstable ,2010-2014,802,117
Truro, Barnstable ,2011-2015,674,314
Tyngsborough, Middlesex ,2005-2009,1153,131
Tyngsborough, Middlesex ,2006-2010,1090,83
Tyngsborough, Middlesex ,2007-2011,1052,103
Tyngsborough, Middlesex ,2008-2012,961,175
Tyngsborough, Middlesex ,2009-2013,1036,175
Tyngsborough, Middlesex ,2010-2014,1004,186
Tyngsborough, Middlesex ,2011-2015,1053,195
Tyringham, Berkshire ,2005-2009,801,472
Tyringham, Berkshire ,2006-2010,1267,992
Tyringham, Berkshire ,2007-2011,1215,327
Tyringham, Berkshire ,2008-2012,1162,695
Tyringham, Berkshire ,2009-2013,1147,473
Tyringham, Berkshire ,2010-2014,1160,311
Tyringham, Berkshire ,2011-2015,1080,745
United States,NA,2005-2009,819,1
United States,NA,2006-2010,822,1
United States,NA,2007-2011,825,1
United States,NA,2008-2012,807,1
United States,NA,2009-2013,831,1
United States,NA,2010-2014,834,2
United States,NA,2011-2015,776,1
Upton, Worcester ,2005-2009,1108,1023
Upton, Worcester ,2006-2010,1093,256
Upton, Worcester ,2007-2011,1022,143
Upton, Worcester ,2008-2012,968,83
Upton, Worcester ,2009-2013,961,59
Upton, Worcester ,2010-2014,914,37
Upton, Worcester ,2011-2015,891,51
Uxbridge, Worcester ,2005-2009,936,72
Uxbridge, Worcester ,2006-2010,937,75
Uxbridge, Worcester ,2007-2011,957,91
Uxbridge, Worcester ,2008-2012,997,140
Uxbridge, Worcester ,2009-2013,1031,78
Uxbridge, Worcester ,2010-2014,1039,87
Uxbridge, Worcester ,2011-2015,1003,76
Wakefield, Middlesex ,2005-2009,1186,64
Wakefield, Middlesex ,2006-2010,1130,54
Wakefield, Middlesex ,2007-2011,1117,88
Wakefield, Middlesex ,2008-2012,1155,81
Wakefield, Middlesex ,2009-2013,1151,83
Wakefield, Middlesex ,2010-2014,1187,83
Wakefield, Middlesex ,2011-2015,1177,62
Wales, Hampden ,2005-2009,660,137
Wales, Hampden ,2006-2010,628,136
Wales, Hampden ,2007-2011,625,78
Wales, Hampden ,2008-2012,588,120
Wales, Hampden ,2009-2013,633,131
Wales, Hampden ,2010-2014,806,229
Wales, Hampden ,2011-2015,682,278
Walpole, Norfolk ,2005-2009,1376,98
Walpole, Norfolk ,2006-2010,1332,76
Walpole, Norfolk ,2007-2011,1290,81
Walpole, Norfolk ,2008-2012,1213,72
Walpole, Norfolk ,2009-2013,1173,95
Walpole, Norfolk ,2010-2014,1202,100
Walpole, Norfolk ,2011-2015,1149,82
Waltham, Middlesex ,2005-2009,1332,56
Waltham, Middlesex ,2006-2010,1348,48
Waltham, Middlesex ,2007-2011,1340,45
Waltham, Middlesex ,2008-2012,1310,35
Waltham, Middlesex ,2009-2013,1321,34
Waltham, Middlesex ,2010-2014,1333,37
Waltham, Middlesex ,2011-2015,1311,45
Ware, Hampshire ,2005-2009,620,69
Ware, Hampshire ,2006-2010,625,80
Ware, Hampshire ,2007-2011,684,75
Ware, Hampshire ,2008-2012,655,58
Ware, Hampshire ,2009-2013,657,61
Ware, Hampshire ,2010-2014,691,73
Ware, Hampshire ,2011-2015,685,59
Wareham, Plymouth ,2005-2009,886,56
Wareham, Plymouth ,2006-2010,915,102
Wareham, Plymouth ,2007-2011,1079,208
Wareham, Plymouth ,2008-2012,981,141
Wareham, Plymouth ,2009-2013,1049,154
Wareham, Plymouth ,2010-2014,1000,127
Wareham, Plymouth ,2011-2015,999,112
Warren, Worcester ,2005-2009,680,49
Warren, Worcester ,2006-2010,664,35
Warren, Worcester ,2007-2011,668,69
Warren, Worcester ,2008-2012,658,107
Warren, Worcester ,2009-2013,685,182
Warren, Worcester ,2010-2014,665,161
Warren, Worcester ,2011-2015,637,203
Warwick, Franklin ,2005-2009,536,159
Warwick, Franklin ,2006-2010,1087,85
Warwick, Franklin ,2007-2011,1023,83
Warwick, Franklin ,2008-2012,1013,40
Warwick, Franklin ,2009-2013,1013,61
Warwick, Franklin ,2010-2014,988,74
Warwick, Franklin ,2011-2015,942,80
Washington, Berkshire ,2005-2009,NA,NA
Washington, Berkshire ,2006-2010,NA,NA
Washington, Berkshire ,2007-2011,NA,NA
Washington, Berkshire ,2008-2012,NA,NA
Washington, Berkshire ,2009-2013,NA,NA
Washington, Berkshire ,2010-2014,NA,NA
Washington, Berkshire ,2011-2015,NA,NA
Watertown, Middlesex ,2005-2009,1414,51
Watertown, Middlesex ,2006-2010,1455,65
Watertown, Middlesex ,2007-2011,1406,63
Watertown, Middlesex ,2008-2012,1421,36
Watertown, Middlesex ,2009-2013,1475,42
Watertown, Middlesex ,2010-2014,1502,47
Watertown, Middlesex ,2011-2015,1501,37
Wayland, Middlesex ,2005-2009,1511,431
Wayland, Middlesex ,2006-2010,1558,397
Wayland, Middlesex ,2007-2011,1191,738
Wayland, Middlesex ,2008-2012,986,740
Wayland, Middlesex ,2009-2013,611,348
Wayland, Middlesex ,2010-2014,917,690
Wayland, Middlesex ,2011-2015,787,498
Webster, Worcester ,2005-2009,792,29
Webster, Worcester ,2006-2010,777,27
Webster, Worcester ,2007-2011,762,21
Webster, Worcester ,2008-2012,744,30
Webster, Worcester ,2009-2013,792,27
Webster, Worcester ,2010-2014,768,35
Webster, Worcester ,2011-2015,746,37
Wellesley, Norfolk ,2005-2009,1353,402
Wellesley, Norfolk ,2006-2010,1365,149
Wellesley, Norfolk ,2007-2011,1423,238
Wellesley, Norfolk ,2008-2012,1460,204
Wellesley, Norfolk ,2009-2013,1701,198
Wellesley, Norfolk ,2010-2014,1714,165
Wellesley, Norfolk ,2011-2015,1786,169
Wellfleet, Barnstable ,2005-2009,1300,232
Wellfleet, Barnstable ,2006-2010,1246,819
Wellfleet, Barnstable ,2007-2011,1008,312
Wellfleet, Barnstable ,2008-2012,953,327
Wellfleet, Barnstable ,2009-2013,851,191
Wellfleet, Barnstable ,2010-2014,864,129
Wellfleet, Barnstable ,2011-2015,857,152
Wendell, Franklin ,2005-2009,874,91
Wendell, Franklin ,2006-2010,988,45
Wendell, Franklin ,2007-2011,960,90
Wendell, Franklin ,2008-2012,916,111
Wendell, Franklin ,2009-2013,916,103
Wendell, Franklin ,2010-2014,1003,255
Wendell, Franklin ,2011-2015,722,87
Wenham, Essex ,2005-2009,978,1286
Wenham, Essex ,2006-2010,518,1094
Wenham, Essex ,2007-2011,470,314
Wenham, Essex ,2008-2012,688,589
Wenham, Essex ,2009-2013,937,518
Wenham, Essex ,2010-2014,959,313
Wenham, Essex ,2011-2015,969,304
West Boylston, Worcester ,2005-2009,966,159
West Boylston, Worcester ,2006-2010,991,89
West Boylston, Worcester ,2007-2011,981,61
West Boylston, Worcester ,2008-2012,936,45
West Boylston, Worcester ,2009-2013,927,49
West Boylston, Worcester ,2010-2014,889,62
West Boylston, Worcester ,2011-2015,840,53
West Bridgewater, Plymouth ,2005-2009,886,127
West Bridgewater, Plymouth ,2006-2010,903,160
West Bridgewater, Plymouth ,2007-2011,893,71
West Bridgewater, Plymouth ,2008-2012,869,330
West Bridgewater, Plymouth ,2009-2013,867,220
West Bridgewater, Plymouth ,2010-2014,1103,349
West Bridgewater, Plymouth ,2011-2015,940,284
West Brookfield, Worcester ,2005-2009,715,441
West Brookfield, Worcester ,2006-2010,701,292
West Brookfield, Worcester ,2007-2011,841,215
West Brookfield, Worcester ,2008-2012,822,204
West Brookfield, Worcester ,2009-2013,966,197
West Brookfield, Worcester ,2010-2014,908,172
West Brookfield, Worcester ,2011-2015,1102,252
West Newbury, Essex ,2005-2009,627,561
West Newbury, Essex ,2006-2010,1154,972
West Newbury, Essex ,2007-2011,1143,1154
West Newbury, Essex ,2008-2012,1107,780
West Newbury, Essex ,2009-2013,1167,1061
West Newbury, Essex ,2010-2014,1711,755
West Springfield, Hampden ,2005-2009,779,25
West Springfield, Hampden ,2006-2010,790,20
West Springfield, Hampden ,2007-2011,797,29
West Springfield, Hampden ,2008-2012,766,29
West Springfield, Hampden ,2009-2013,800,23
West Springfield, Hampden ,2010-2014,806,23
West Springfield, Hampden ,2011-2015,799,37
West Stockbridge, Berkshire ,2005-2009,930,489
West Stockbridge, Berkshire ,2006-2010,750,388
West Stockbridge, Berkshire ,2007-2011,720,294
West Stockbridge, Berkshire ,2008-2012,707,402
West Stockbridge, Berkshire ,2009-2013,959,147
West Stockbridge, Berkshire ,2010-2014,1074,672
West Stockbridge, Berkshire ,2011-2015,1357,644
West Tisbury, Dukes ,2005-2009,1300,2062
West Tisbury, Dukes ,2006-2010,1158,2466
West Tisbury, Dukes ,2007-2011,NA,NA
West Tisbury, Dukes ,2008-2012,1042,7
West Tisbury, Dukes ,2009-2013,1067,821
West Tisbury, Dukes ,2010-2014,1047,638
West Tisbury, Dukes ,2011-2015,988,556
Westborough, Worcester ,2005-2009,1371,64
Westborough, Worcester ,2006-2010,1408,71
Westborough, Worcester ,2007-2011,1444,131
Westborough, Worcester ,2008-2012,1386,87
Westborough, Worcester ,2009-2013,1374,87
Westborough, Worcester ,2010-2014,1340,75
Westborough, Worcester ,2011-2015,1320,83
Westfield, Hampden ,2005-2009,823,29
Westfield, Hampden ,2006-2010,810,38
Westfield, Hampden ,2007-2011,820,34
Westfield, Hampden ,2008-2012,786,30
Westfield, Hampden ,2009-2013,812,29
Westfield, Hampden ,2010-2014,804,39
Westfield, Hampden ,2011-2015,816,25
Westford, Middlesex ,2005-2009,1203,127
Westford, Middlesex ,2006-2010,1144,109
Westford, Middlesex ,2007-2011,1126,254
Westford, Middlesex ,2008-2012,1298,153
Westford, Middlesex ,2009-2013,1438,233
Westford, Middlesex ,2010-2014,1486,234
Westford, Middlesex ,2011-2015,1583,175
Westhampton, Hampshire ,2005-2009,1251,1592
Westhampton, Hampshire ,2006-2010,1046,379
Westhampton, Hampshire ,2007-2011,1158,413
Westhampton, Hampshire ,2008-2012,1143,295
Westhampton, Hampshire ,2009-2013,1136,268
Westhampton, Hampshire ,2010-2014,935,331
Westhampton, Hampshire ,2011-2015,1069,140
Westminster, Worcester ,2005-2009,906,587
Westminster, Worcester ,2006-2010,850,185
Westminster, Worcester ,2007-2011,896,122
Westminster, Worcester ,2008-2012,941,507
Westminster, Worcester ,2009-2013,1108,275
Westminster, Worcester ,2010-2014,961,260
Westminster, Worcester ,2011-2015,1055,271
Weston, Middlesex ,2005-2009,1769,1131
Weston, Middlesex ,2006-2010,1692,1074
Weston, Middlesex ,2007-2011,1584,358
Weston, Middlesex ,2008-2012,1541,537
Weston, Middlesex ,2009-2013,1340,231
Weston, Middlesex ,2010-2014,1317,212
Weston, Middlesex ,2011-2015,1223,297
Westport, Bristol ,2005-2009,851,137
Westport, Bristol ,2006-2010,872,113
Westport, Bristol ,2007-2011,887,69
Westport, Bristol ,2008-2012,880,58
Westport, Bristol ,2009-2013,896,55
Westport, Bristol ,2010-2014,892,64
Westport, Bristol ,2011-2015,864,75
Westwood, Norfolk ,2005-2009,1358,619
Westwood, Norfolk ,2006-2010,1240,428
Westwood, Norfolk ,2007-2011,1328,349
Westwood, Norfolk ,2008-2012,1322,251
Westwood, Norfolk ,2009-2013,1326,212
Westwood, Norfolk ,2010-2014,1398,186
Westwood, Norfolk ,2011-2015,1472,185
Weymouth, Norfolk ,2005-2009,1243,45
Weymouth, Norfolk ,2006-2010,1190,45
Weymouth, Norfolk ,2007-2011,1181,46
Weymouth, Norfolk ,2008-2012,1153,41
Weymouth, Norfolk ,2009-2013,1150,38
Weymouth, Norfolk ,2010-2014,1178,34
Weymouth, Norfolk ,2011-2015,1182,43
Whately, Franklin ,2005-2009,920,89
Whately, Franklin ,2006-2010,931,81
Whately, Franklin ,2007-2011,954,128
Whately, Franklin ,2008-2012,982,138
Whately, Franklin ,2009-2013,1089,217
Whately, Franklin ,2010-2014,1136,125
Whately, Franklin ,2011-2015,1148,125
Whitman, Plymouth ,2005-2009,966,76
Whitman, Plymouth ,2006-2010,1047,102
Whitman, Plymouth ,2007-2011,1025,115
Whitman, Plymouth ,2008-2012,987,91
Whitman, Plymouth ,2009-2013,979,70
Whitman, Plymouth ,2010-2014,1021,93
Whitman, Plymouth ,2011-2015,927,62
Wilbraham, Hampden ,2005-2009,544,326
Wilbraham, Hampden ,2006-2010,616,245
Wilbraham, Hampden ,2007-2011,746,434
Wilbraham, Hampden ,2008-2012,741,205
Wilbraham, Hampden ,2009-2013,715,126
Wilbraham, Hampden ,2010-2014,686,79
Wilbraham, Hampden ,2011-2015,694,164
Williamsburg, Hampshire ,2005-2009,714,119
Williamsburg, Hampshire ,2006-2010,671,95
Williamsburg, Hampshire ,2007-2011,748,72
Williamsburg, Hampshire ,2008-2012,698,47
Williamsburg, Hampshire ,2009-2013,716,64
Williamsburg, Hampshire ,2010-2014,792,84
Williamsburg, Hampshire ,2011-2015,866,137
Williamstown, Berkshire ,2005-2009,783,125
Williamstown, Berkshire ,2006-2010,775,96
Williamstown, Berkshire ,2007-2011,823,59
Williamstown, Berkshire ,2008-2012,810,159
Williamstown, Berkshire ,2009-2013,857,262
Williamstown, Berkshire ,2010-2014,837,163
Williamstown, Berkshire ,2011-2015,804,126
Wilmington, Middlesex ,2005-2009,1661,243
Wilmington, Middlesex ,2006-2010,1596,221
Wilmington, Middlesex ,2007-2011,1628,103
Wilmington, Middlesex ,2008-2012,1559,134
Wilmington, Middlesex ,2009-2013,1536,105
Wilmington, Middlesex ,2010-2014,1468,126
Wilmington, Middlesex ,2011-2015,1486,131
Winchendon, Worcester ,2005-2009,737,116
Winchendon, Worcester ,2006-2010,643,158
Winchendon, Worcester ,2007-2011,694,93
Winchendon, Worcester ,2008-2012,676,67
Winchendon, Worcester ,2009-2013,692,117
Winchendon, Worcester ,2010-2014,722,57
Winchendon, Worcester ,2011-2015,739,63
Winchester, Middlesex ,2005-2009,1531,188
Winchester, Middlesex ,2006-2010,1366,170
Winchester, Middlesex ,2007-2011,1431,150
Winchester, Middlesex ,2008-2012,1421,135
Winchester, Middlesex ,2009-2013,1444,149
Winchester, Middlesex ,2010-2014,1522,124
Winchester, Middlesex ,2011-2015,1499,118
Windsor, Berkshire ,2005-2009,NA,NA
Windsor, Berkshire ,2006-2010,640,158
Windsor, Berkshire ,2007-2011,752,203
Windsor, Berkshire ,2008-2012,NA,NA
Windsor, Berkshire ,2009-2013,NA,NA
Windsor, Berkshire ,2010-2014,NA,NA
Windsor, Berkshire ,2011-2015,NA,NA
Winthrop, Suffolk ,2005-2009,1289,56
Winthrop, Suffolk ,2006-2010,1279,74
Winthrop, Suffolk ,2007-2011,1265,63
Winthrop, Suffolk ,2008-2012,1255,61
Winthrop, Suffolk ,2009-2013,1243,53
Winthrop, Suffolk ,2010-2014,1239,51
Winthrop, Suffolk ,2011-2015,1215,54
Woburn, Middlesex ,2005-2009,1269,55
Woburn, Middlesex ,2006-2010,1246,49
Woburn, Middlesex ,2007-2011,1207,40
Woburn, Middlesex ,2008-2012,1209,45
Woburn, Middlesex ,2009-2013,1252,44
Woburn, Middlesex ,2010-2014,1269,47
Woburn, Middlesex ,2011-2015,1273,52
Worcester, Worcester ,2005-2009,869,19
Worcester, Worcester ,2006-2010,869,15
Worcester, Worcester ,2007-2011,872,13
Worcester, Worcester ,2008-2012,852,19
Worcester, Worcester ,2009-2013,878,15
Worcester, Worcester ,2010-2014,881,11
Worcester, Worcester ,2011-2015,869,9
Worcester County, Massachusetts,2005-2009,868,11
Worcester County, Massachusetts,2006-2010,864,9
Worcester County, Massachusetts,2007-2011,863,8
Worcester County, Massachusetts,2008-2012,842,10
Worcester County, Massachusetts,2009-2013,866,10
Worcester County, Massachusetts,2010-2014,864,9
Worcester County, Massachusetts,2011-2015,846,7
Worthington, Hampshire ,2005-2009,658,349
Worthington, Hampshire ,2006-2010,623,188
Worthington, Hampshire ,2007-2011,590,114
Worthington, Hampshire ,2008-2012,589,86
Worthington, Hampshire ,2009-2013,635,358
Worthington, Hampshire ,2010-2014,606,352
Worthington, Hampshire ,2011-2015,666,234
Wrentham, Norfolk ,2005-2009,1027,72
Wrentham, Norfolk ,2006-2010,1029,79
Wrentham, Norfolk ,2007-2011,936,110
Wrentham, Norfolk ,2008-2012,903,240
Wrentham, Norfolk ,2009-2013,950,277
Wrentham, Norfolk ,2010-2014,1113,121
Wrentham, Norfolk ,2011-2015,995,152
Yarmouth, Barnstable ,2005-2009,1186,67
Yarmouth, Barnstable ,2006-2010,1157,83
Yarmouth, Barnstable ,2007-2011,1169,63
Yarmouth, Barnstable ,2008-2012,1173,64
Yarmouth, Barnstable ,2009-2013,1179,40
Yarmouth, Barnstable ,2010-2014,1108,60
Yarmouth, Barnstable ,2011-2015,1085,71
